,cardId,Name,Gender,Age,Chapeau,Début texte,cardFilter1Tri,cardFilter3Tri,cardFilter4Tri,cardFilter5Tri,cardFilter6Tri,cardSection5Text,cardSection6Text
9,47,Marco Abele,male,49 ans,"Fondateur et CEO de Tend, Zoug","De responsable numérique au CS à entrepreneur de start-up: en octobre 2017, Marco Abele a troqué son costume sur mesure contre un jean et un t-shirt, et fondé la société Tend. La plateforme d’échange ",f-plus-40,f-homme,(Les précurseurs / Les créatifs / …),(secteur d’activité),(Indépendant / Chercheur / PME / Grande entreprise),(liens Le Temps),(profil linkedin)
4,12,Pedro Bados,male,38 ans,"CEO et cofondateur de Nexthink, Lausanne","«2017 a été une année incroyable. Nous avons gagné plus de 200 nouveaux clients», explique Pedro Bados. Aujourd’hui, plus de 850 clients utilisent les produits de l’entreprise lausannoise de logiciels",f-moins-40,f-homme,(Les précurseurs / Les créatifs / …),(secteur d’activité),(Indépendant / Chercheur / PME / Grande entreprise),(liens Le Temps),(profil linkedin)
92,91,Nick Beglinger,male,48 ans,"Cofondateur et CEO de Cleantech21, Zurich","Jusqu’en 2016, Nick Beglinger a été président de l’association professionnelle Swisscleantech, consacrée à l’économie durable et issue en 2009 de la fondation à but non lucratif Cleantech21. Cette der",f-plus-40,f-homme,(Les précurseurs / Les créatifs / …),(secteur d’activité),(Indépendant / Chercheur / PME / Grande entreprise),(liens Le Temps),(profil linkedin)
51,46,Marc Bernegger,male,39 ans,"Entrepreneur en fintech et investisseur, Zurich","Spécialiste des fintech, Marc Bernegger se concentre actuellement sur les monnaies électroniques. Il constate, comme instigateur de la conférence Krypto Finance à Saint-Moritz ou en tant qu’actionnair",f-moins-40,f-homme,(Les précurseurs / Les créatifs / …),(secteur d’activité),(Indépendant / Chercheur / PME / Grande entreprise),(liens Le Temps),(profil linkedin)
93,92,Sonja Betschart,female,48 ans,"Cofondatrice de WeRobotics, Genève","Passion, inspiration, innovation, ce sont les outils avec lesquels la cofondatrice de WeRobotics, Sonja Betschart, pense l’avenir. Pour la spécialiste du marketing et de la gestion, les robots ont leu",f-plus-40,f-femme,(Les précurseurs / Les créatifs / …),(secteur d’activité),(Indépendant / Chercheur / PME / Grande entreprise),(liens Le Temps),(profil linkedin)
71,68,Lucas Betschart,male,26 ans,"Président de la Bitcoin Association Switzerland, Zurich/Zoug","Entre économistes, la blockchain et les monnaies cryptographiques figurent parmi les sujets les plus controversés. Le bitcoin, la monnaie numérique la plus connue, est un peu discrédité par la violent",f-moins-40,f-homme,(Les précurseurs / Les créatifs / …),(secteur d’activité),(Indépendant / Chercheur / PME / Grande entreprise),(liens Le Temps),(profil linkedin)
23,13,Jurgi Camblong,unknown,40 ans,"Cofondateur et CEO de Sophia Genetics, Genève","Jurgi Camblong parle d’une «révolution» de la médecine basée sur les données, en citant son entreprise: Sophia Genetics développe des logiciels et des plateformes de données qui utilisent l’analyse du",f-plus-40,,(Les précurseurs / Les créatifs / …),(secteur d’activité),(Indépendant / Chercheur / PME / Grande entreprise),(liens Le Temps),(profil linkedin)
64,61,Nicoletta Casanova,female,47 ans,"Cofondatrice et CEO FEMTOprint, Muzzano (TI)","Son premier emploi, elle le trouva dans une start-up qui testait des matériaux. Puis Nicoletta Casanova préféra fonder sa propre entreprise. Deux ans après son diplôme de l’EPFZ est née Smartec, pionn",f-plus-40,f-femme,(Les précurseurs / Les créatifs / …),(secteur d’activité),(Indépendant / Chercheur / PME / Grande entreprise),(liens Le Temps),(profil linkedin)
67,64,Filippo Catalano,male,46 ans,"CIO du groupe Nestlé, Vevey","Sa description du poste laisse songeur: il doit numériser l’entreprise suisse qui a la plus grande valeur. Chief information chez Nestlé depuis janvier, Filippo Catalano a une tâche colossale. Comme d",f-plus-40,f-homme,(Les précurseurs / Les créatifs / …),(secteur d’activité),(Indépendant / Chercheur / PME / Grande entreprise),(liens Le Temps),(profil linkedin)
2,30,Caecilia Charbonnier,unknown,37 ans,"Cofondatrice, présidente et directrice de recherche chez Artanim, Meyrin (GE) et cofondatrice et directrice technique de Dreamscape Immersive","A la fin des années 1990, Caecilia Charbonnier passait pour l’espoir de la relève du tennis féminin suisse. Mais une blessure sportive a mis un frein à sa carrière. Malgré une opération, elle a gardé ",f-moins-40,,(Les précurseurs / Les créatifs / …),(secteur d’activité),(Indépendant / Chercheur / PME / Grande entreprise),(liens Le Temps),(profil linkedin)
11,54,Alain Chuard,male,45 ans,"Fondateur Swisspreneur.org, Palo Alto (Californie)","Depuis qu’il a quitté Google, Alain Chuard soutient le paysage helvétique des start-up. Il sait comment faire pour que ça marche: après tout, en 2012, il a réussi à vendre son entreprise Wildfire pour",f-plus-40,f-homme,(Les précurseurs / Les créatifs / …),(secteur d’activité),(Indépendant / Chercheur / PME / Grande entreprise),(liens Le Temps),(profil linkedin)
27,18,Kate Darling,female,36 ans,"Ethicienne en robotique, Massachusetts Institute of Technology MIT, Boston","Elle se qualifie de «maîtresse des machines», a un tatouage sur le bras et donne des conférences avec un profond décolleté et des pantalons moulants en similicuir. Lorsque Kate Darling évoque des suje",f-moins-40,f-femme,(Les précurseurs / Les créatifs / …),(secteur d’activité),(Indépendant / Chercheur / PME / Grande entreprise),(liens Le Temps),(profil linkedin)
46,40,Christian Decker,male,33 ans,"Ingénieur logiciel et chercheur chez Blockstream, Zurich","C’est un enthousiaste de la première heure: Christian Decker s’intéresse activement à la monnaie électronique depuis ses balbutiements. «A l’époque, ceux qui croyaient que le bitcoin engendrerait ce g",f-moins-40,f-homme,(Les précurseurs / Les créatifs / …),(secteur d’activité),(Indépendant / Chercheur / PME / Grande entreprise),(liens Le Temps),(profil linkedin)
41,36,Marc Degen,male,41 ans,"Cofondateur de Modum.io et de Moflix, Zurich",La start-up Modum.io a développé un système qui rend plus efficace le transport de médicaments. Des capteurs lui permettent de surveiller les influences extérieures sur un colis pendant son expédition,f-plus-40,f-homme,(Les précurseurs / Les créatifs / …),(secteur d’activité),(Indépendant / Chercheur / PME / Grande entreprise),(liens Le Temps),(profil linkedin)
89,88,Paul-Olivier Dehaye,unknown,37 ans,"CEO Personaldata.io, Lausanne",L’organisation à but non lucratif Personaldata.io est la conséquence logique du parcours de Paul-Olivier Dehaye. Son objectif est de sensibiliser un plus grand nombre de personnes à l’importance de la,f-moins-40,,(Les précurseurs / Les créatifs / …),(secteur d’activité),(Indépendant / Chercheur / PME / Grande entreprise),(liens Le Temps),(profil linkedin)
53,49,Leila Delarive,female,41 ans,"Cofondatrice et CEO d’Amplify, Lausanne","Leila Delarive recueille des fonds pour les ONG avec une plateforme numérique qui sensibilise et attire l’attention sur les questions humanitaires. Encore en phase bêta, la start-up Amplify devrait vr",f-plus-40,f-femme,(Les précurseurs / Les créatifs / …),(secteur d’activité),(Indépendant / Chercheur / PME / Grande entreprise),(liens Le Temps),(profil linkedin)
34,26,Giovanna Di Marzo Serugendo,female,52 ans,"Directrice du Centre universitaire d’informatique, Université de Genève","Dans le monde parfait de Giovanna Di Marzo Serugendo, tous les logiciels fonctionnent seuls. Programmer ou installer, c'est terminé! La professeure à l'Université de Genève est à la pointe de la reche",f-plus-40,f-femme,(Les précurseurs / Les créatifs / …),(secteur d’activité),(Indépendant / Chercheur / PME / Grande entreprise),(liens Le Temps),(profil linkedin)
68,65,Daniel Diemers,male,45 ans,"PwC Strategy&, Blockchain Leader EMEA, Zurich","Daniel Diemers joue le médiateur entre deux mondes: d’un côté, les cadres supérieurs des grandes institutions financières et, de l’autre, les innovateurs brillants du monde émergent de la blockchain. ",f-plus-40,f-homme,(Les précurseurs / Les créatifs / …),(secteur d’activité),(Indépendant / Chercheur / PME / Grande entreprise),(liens Le Temps),(profil linkedin)
81,78,Sabrina Cohen Dumani,female,50 ans,"Fondatrice et directrice générale de la Fondation Nomads, Genève","La Fondation Nomads offre une interface aux entreprises, start-up, étudiants et investisseurs de la région genevoise. L’objectif de la fondation fondée en 2015 est d’offrir un avenir sûr à la prochain",f-plus-40,f-femme,(Les précurseurs / Les créatifs / …),(secteur d’activité),(Indépendant / Chercheur / PME / Grande entreprise),(liens Le Temps),(profil linkedin)
63,6,Thomas Dübendorfer,male,43 ans,"Fondateur, président et investisseur providentiel de Swiss ICT Investor Club (SICTIC), Zurich","Fondateur de start-up et investisseur providentiel, Thomas Dübendorfer a déjà fondé ou cofondé neuf entreprises, et vendu certaines d’entre elles avec succès: en 2012, l’application communautaire Spon",f-plus-40,f-homme,(Les précurseurs / Les créatifs / …),(secteur d’activité),(Indépendant / Chercheur / PME / Grande entreprise),(liens Le Temps),(profil linkedin)
5,17,Raffaello D’Andrea,male,51 ans,"Institut pour les systèmes dynamiques et les technologies de contrôle, EPFZ",Les chercheurs en robotique inspirent parfois de la sympathie. Ils doivent sans cesse assurer aux sceptiques que les robots ne vont pas s’emparer du monde et qu’il vaut la peine de faire de la recherc,f-plus-40,f-homme,(Les précurseurs / Les créatifs / …),(secteur d’activité),(Indépendant / Chercheur / PME / Grande entreprise),(liens Le Temps),(profil linkedin)
90,89,Petra Ehmann,female,33 ans,"Directrice développement de partenariats commerciaux RA Google, Zurich","Le soutien de son père alors qu’elle commençait à s’intéresser à la nature et à la technologie a été décisif pour son succès, se souvient Petra Ehmann. La googleuse fait aujourd’hui partie des étoiles",f-moins-40,f-femme,(Les précurseurs / Les créatifs / …),(secteur d’activité),(Indépendant / Chercheur / PME / Grande entreprise),(liens Le Temps),(profil linkedin)
82,79,Judith Ellens,female,36 ans,"Cofondatrice et responsable scientifique chez Eaternity, Zurich","La protection de l’environnement et du climat est un grand thème à notre époque, mais le public n’est que peu conscient de l’importance de l’alimentation, qui est un facteur essentiel du réchauffement",f-moins-40,f-femme,(Les précurseurs / Les créatifs / …),(secteur d’activité),(Indépendant / Chercheur / PME / Grande entreprise),(liens Le Temps),(profil linkedin)
59,56,Francisco Fernandez,male,56 ans,"Fondateur et président du CA Avaloq, Zurich","Fils d’immigrés espagnols, Francisco Fernandez peut se targuer d’avoir déjà dompté une licorne en Suisse. Avaloq vaut nettement plus d’un milliard de francs, dit-on à propos de ce producteur de logici",f-plus-40,f-homme,(Les précurseurs / Les créatifs / …),(secteur d’activité),(Indépendant / Chercheur / PME / Grande entreprise),(liens Le Temps),(profil linkedin)
96,95,Björn Flückiger,male,29 ans,"Responsable du desk fintech à la Finma, Berne","Björn Flückiger est très demandé au sein de l’Autorité de surveillance du marché financier suisse (Finma) comme chef du desk fintech. Avec le battage médiatique autour de la blockchain, des monnaies c",f-moins-40,f-homme,(Les précurseurs / Les créatifs / …),(secteur d’activité),(Indépendant / Chercheur / PME / Grande entreprise),(liens Le Temps),(profil linkedin)
38,33,Karmen Franinovic,female,42 ans,"Directrice d’Interaction Design, Zurich","Karmen Franinovic s’est fait un nom grâce à ses recherches dans le domaine de l’interaction sonore, un secteur qui gagne en importance dans l’industrie technologique: combiner le son et le geste dans ",f-plus-40,f-femme,(Les précurseurs / Les créatifs / …),(secteur d’activité),(Indépendant / Chercheur / PME / Grande entreprise),(liens Le Temps),(profil linkedin)
37,31,Thomas Frey,male,37 ans,"Fondateur de Giants Software, Zurich","Avec sa société de développement de jeux Giants Software à Schlieren, Thomas Frey prouve que les développeurs suisses peuvent jouer sur le marché mondial: son «simulateur agricole» est un blockbuster,",f-moins-40,f-homme,(Les précurseurs / Les créatifs / …),(secteur d’activité),(Indépendant / Chercheur / PME / Grande entreprise),(liens Le Temps),(profil linkedin)
24,14,Alexander Fries,male,51 ans,"General Partner Alpana Ventures, San Matteo, Etats-Unis","Le Grison Alexander Fries vit depuis vingt-deux ans dans la Silicon Valley (avec 3 interruptions). Il y est actif comme fondateur de start-up (SVOX, PlaySpan, entre-temps revendues) et comme investiss",f-plus-40,f-homme,(Les précurseurs / Les créatifs / …),(secteur d’activité),(Indépendant / Chercheur / PME / Grande entreprise),(liens Le Temps),(profil linkedin)
6,19,Luca Maria Gambardella,male,56 ans,"Directeur de l’Institut Dalle Maolle d’études sur l’intelligence artificielle, Lugano","Luca Maria Gambardella est le résolveur de problème par excellence. Qu’il s’agisse du «problème du voyageur de commerce», du «problème de la mission quadratique» ou de celui «d’optimisation d’une cell",f-plus-40,f-homme,(Les précurseurs / Les créatifs / …),(secteur d’activité),(Indépendant / Chercheur / PME / Grande entreprise),(liens Le Temps),(profil linkedin)
45,4,Jörg Gasser ,male,49 ans,"Secrétariat d'Etat aux questions financières internationales, Berne","L’objectif du secrétaire d’Etat Jörg Gasser est clair: il souhaite que la Suisse continue à disposer d'une place financière diversifiée, performante et propre, une place financière dans laquelle les i",f-plus-40,f-homme,(Les précurseurs / Les créatifs / …),(secteur d’activité),(Indépendant / Chercheur / PME / Grande entreprise),(liens Le Temps),(profil linkedin)
0,22,Solange Ghernaouti,female,59 ans,"Professeure de cybersécurité, Université de Lausanne","L’efficacité académique fonctionne ainsi: le profil de Solange Ghernaouti sur le site de l’Université de Lausanne n’indique pas au lecteur ses travaux scientifiques, mais aligne les «mots clés», 25 au",f-plus-40,f-femme,(Les précurseurs / Les créatifs / …),(secteur d’activité),(Indépendant / Chercheur / PME / Grande entreprise),(liens Le Temps),(profil linkedin)
20,1,Raphaël Gindrat,male,30 ans,Cofondateur et CEO de Bestmile,"En 2018, Bestmile a été nommé pionnier technologique par le Forum économique mondial: avec sa plateforme, la start-up lausannoise permet aux véhicules autonomes de coopérer en tant que flotte. Les bus",f-moins-40,f-homme,(Les précurseurs / Les créatifs / …),(secteur d’activité),(Indépendant / Chercheur / PME / Grande entreprise),(liens Le Temps),(profil linkedin)
10,50,Fabio Gramazio,male,48 ans,"Architecte à l’EPFZ, Zurich","Les deux architectes Fabio Gramazio et Matthias Kohler (50 ans) travaillent au futur de l’architecture et veulent élever le design des bâtiments à un niveau supérieur. A l’EPFZ, le duo veut changer, p",f-plus-40,f-homme,(Les précurseurs / Les créatifs / …),(secteur d’activité),(Indépendant / Chercheur / PME / Grande entreprise),(liens Le Temps),(profil linkedin)
100,99,Manuel Grenacher,male,37 ans,"Fondateur de Mila et de Coresystems, Windisch (AG)","Ce printemps, Manuel Grenacher a réalisé la plus belle sortie de la scène suisse des start-up depuis bien longtemps: c’est le géant allemand du logiciel SAP qui a repris ses systèmes centraux basés à ",f-moins-40,f-homme,(Les précurseurs / Les créatifs / …),(secteur d’activité),(Indépendant / Chercheur / PME / Grande entreprise),(liens Le Temps),(profil linkedin)
39,34,Markus Gross,male,55 ans,"Professeur EPFL d’informatique, doyen du Computer Graphics Laboratory, directeur de Disney Research, Zurich","Markus Gross est le principal producteur d’effets de l’industrie du cinéma. Depuis 2008, il dirige le laboratoire Disney Research à Zurich. Ses œuvres peuvent être vues dans des dizaines d’épopées hol",f-plus-40,f-homme,(Les précurseurs / Les créatifs / …),(secteur d’activité),(Indépendant / Chercheur / PME / Grande entreprise),(liens Le Temps),(profil linkedin)
75,72,Daniel Gutenberg,male,52 ans,"Partner VI Partners, Zoug (A Vérifier!!!!)","«Mon hobby consiste à trouver des licornes lorsqu’elles comptent encore moins de 10 employés», explique Daniel Gutenberg. Et il a du succès: il a été impliqué très tôt dans Netscape avec sa société d’",f-plus-40,f-homme,(Les précurseurs / Les créatifs / …),(secteur d’activité),(Indépendant / Chercheur / PME / Grande entreprise),(liens Le Temps),(profil linkedin)
78,75,Stefan Heitmann,male,41 ans,"CEO et fondateur de MoneyPark, Pfäffikon (SZ)","Stefan Heitmann a commencé sa carrière comme dans un conte: en 2012, le diplômé en droit et économiste a fondé MoneyPark. Après quatre ans de dur labeur, il a vendu la majorité à l’assureur Helvetia. ",f-plus-40,f-homme,(Les précurseurs / Les créatifs / …),(secteur d’activité),(Indépendant / Chercheur / PME / Grande entreprise),(liens Le Temps),(profil linkedin)
87,86,Oliver Herren,male,39 ans,"CIO Digitec, fondateur de True Wealth, Zurich",Le commerce en ligne et la gestion de fortune sont étroitement liés dans la vie d’Oliver Herren. Le développement de Digitec avec ses cofondateurs a permis au jeune homme de 39 ans de s’enrichir. La r,f-moins-40,f-homme,(Les précurseurs / Les créatifs / …),(secteur d’activité),(Indépendant / Chercheur / PME / Grande entreprise),(liens Le Temps),(profil linkedin)
83,80,Christian Hirsig,male,38 ans,"Fondateur de Powercoders, Berne","Il a commencé à La Poste Suisse et développé le timbre personnalisable à imprimer, le webstamp. Mais c’était aussi la fin de la vie de Christian Hirsch dans le monde du corporate. A 38 ans, il fondait",f-moins-40,f-homme,(Les précurseurs / Les créatifs / …),(secteur d’activité),(Indépendant / Chercheur / PME / Grande entreprise),(liens Le Temps),(profil linkedin)
19,32,Caroline Hirt,female,40 ans,"Fondatrice et directrice du Museum of Digital Art, Zurich",La créativité et la technologie se transforment en art au Museum of Digital Art: le premier musée physique et virtuel européen dédié à l’art numérique a ouvert ses portes en 2016. Les artistes sont ég,f-plus-40,f-femme,(Les précurseurs / Les créatifs / …),(secteur d’activité),(Indépendant / Chercheur / PME / Grande entreprise),(liens Le Temps),(profil linkedin)
1,29,Klaus Hommels,male,51 ans,"Fondateur Lakestar, Zurich",Il fait tourner la plus grande société helvétique de capital-risque: le Suisse d’adoption Klaus Hommels met actuellement en place un fonds d’une valeur de 800 millions d’euros. Il deviendra de loin le,f-plus-40,f-homme,(Les précurseurs / Les créatifs / …),(secteur d’activité),(Indépendant / Chercheur / PME / Grande entreprise),(liens Le Temps),(profil linkedin)
25,15,Urs Hölzle,male,55 ans,"Ingénieur SVP, Google, Mountain View (Etats-Unis)","Dans les technologies informatiques, aucun Suisse n’a autant d’expérience qu’Urs Hölzle. Comme responsable technique, il est maître de toute l’infrastructure technique de Google et ses 20 centres de d",f-plus-40,f-homme,(Les précurseurs / Les créatifs / …),(secteur d’activité),(Indépendant / Chercheur / PME / Grande entreprise),(liens Le Temps),(profil linkedin)
66,63,Frederic Jacobs,male,27 ans,"Security Engineer, Apple, Cupertino (Californie)","Ils voulaient programmer une application de chat simple et sûre. Frederic Jacobs, qui faisait partie des principaux développeurs de Signal, ne s’attendait certes pas à commercialiser l’application pré",f-moins-40,f-homme,(Les précurseurs / Les créatifs / …),(secteur d’activité),(Indépendant / Chercheur / PME / Grande entreprise),(liens Le Temps),(profil linkedin)
55,51,Gilles Jobin,male,54 ans,"Chorégraphe de la Cie Gilles Jobin, Genève","Plus de 20 pièces en plus de vingt ans, un nombre considérable d’œuvres pour un chorégraphe. Certes, Gilles Jobin est productif, il conçoit des chorégraphies contemporaines, est réalisateur de films e",f-plus-40,f-homme,(Les précurseurs / Les créatifs / …),(secteur d’activité),(Indépendant / Chercheur / PME / Grande entreprise),(liens Le Temps),(profil linkedin)
31,23,Frédéric Kaplan,male,44 ans,"Professeur d’humanités digitales, EPFL Lausanne","Qu’est-ce que la bureaucratie vénitienne du Moyen Age a en commun avec la numérisation? Les données! L’administration de la ville ayant enregistré tous les mouvements depuis des siècles, l’ère de la d",f-plus-40,f-homme,(Les précurseurs / Les créatifs / …),(secteur d’activité),(Indépendant / Chercheur / PME / Grande entreprise),(liens Le Temps),(profil linkedin)
43,38,Pascal Kaufmann,male,40 ans,"Cofondateur et CEO de Starmind International, Küsnacht (ZH)",Le projet de recherche de l’EPFZ mis sur pied en 2010 par le chercheur sur le cerveau Pascal Kaufmann et son camarade Marc Vontobel est devenu l’une des start-up suisses les plus prometteuses: Starmin,f-plus-40,f-homme,(Les précurseurs / Les créatifs / …),(secteur d’activité),(Indépendant / Chercheur / PME / Grande entreprise),(liens Le Temps),(profil linkedin)
13,7,André Kudelski,male,57 ans,"Chef et copropriétaire du groupe Kudelski, Cheseaux (VD) et Phoenix (Arizona)","Patron de l’entreprise, André Kudelski s’est reconverti plus d’une fois: après avoir remplacé le magnétophone Nagra par des décodeurs, il veut désormais remplacer l’activité TV encore rentable mais dé",f-plus-40,f-homme,(Les précurseurs / Les créatifs / …),(secteur d’activité),(Indépendant / Chercheur / PME / Grande entreprise),(liens Le Temps),(profil linkedin)
76,73,Cédric Köhler,male,39 ans,"Managing Partner Creathor, Zurich et Bad Homburg (D)","Tout le monde ne peut pas prétendre avoir financé 220 start-up. Cédric Köhler le peut avec sa société Creathor: en quinze ans d’existence, elle a pu fêter des sorties d’une valeur de 7 milliards de do",f-moins-40,f-homme,(Les précurseurs / Les créatifs / …),(secteur d’activité),(Indépendant / Chercheur / PME / Grande entreprise),(liens Le Temps),(profil linkedin)
56,52,Sophie Lamparter,female,41 ans,"Cofondatrice de Dart 17, San Francisco",La place de travail de Sophie Lamparter à San Francisco est l’une des plus belles du monde: cette femme de 41 ans réseaute directement sur l’eau avec vue sur la baie de San Francisco et l’île au tréso,f-plus-40,f-femme,(Les précurseurs / Les créatifs / …),(secteur d’activité),(Indépendant / Chercheur / PME / Grande entreprise),(liens Le Temps),(profil linkedin)
14,8,Moritz Lechner,male,49 ans,"Fondateur et coprésident du conseil d’administration de Sensirion, Stäfa (ZH)","En mars, l’entrée en bourse a été un succès complet: Sensirion a été bien accueillie par les investisseurs. Pas étonnant puisque l’entreprise de Stäfa, qui emploie 735 personnes et réalise un chiffre ",f-plus-40,f-homme,(Les précurseurs / Les créatifs / …),(secteur d’activité),(Indépendant / Chercheur / PME / Grande entreprise),(liens Le Temps),(profil linkedin)
60,57,Adrian Locher,male,36 ans,"Fondateur DeinDeal, cofondateur Merantix, Berlin et Zurich","«Enfant, j’aimais déjà assembler plein de choses. D’abord en bois, puis en éléments électroniques. Et finalement j’ai développé des logiciels», se rappelle Adrian Locher. Ce diplômé de l’Université de",f-moins-40,f-homme,(Les précurseurs / Les créatifs / …),(secteur d’activité),(Indépendant / Chercheur / PME / Grande entreprise),(liens Le Temps),(profil linkedin)
77,74,Ariel Lüdi,male,59 ans,"Fondateur de Hammer Team, Cham (ZG)","Dans les années 2000, Ariel Lüdi a fait du fournisseur de logiciels Hybris le leader mondial des solutions de commerce électronique, et ainsi jeté les bases de son patrimoine de plusieurs centaines de",f-plus-40,f-homme,(Les précurseurs / Les créatifs / …),(secteur d’activité),(Indépendant / Chercheur / PME / Grande entreprise),(liens Le Temps),(profil linkedin)
85,83,Christophe Maire,male,52 ans,"Fondateur et CEO d’Atlantic Labs, Berlin","Berlin est l’endroit idéal pour Christophe Maire. C’est la métropole européenne qui voit naître le plus grand nombre de start-up, avec les idées d’affaires les plus audacieuses. C’est l’environnement ",f-plus-40,f-homme,(Les précurseurs / Les créatifs / …),(secteur d’activité),(Indépendant / Chercheur / PME / Grande entreprise),(liens Le Temps),(profil linkedin)
58,55,David Marcus,male,45 ans,"Vice-président Blockchain, Facebook, Menlo Park (Californie)","Dans sa nouvelle fonction aussi, David Marcus demeure un des Suisses les plus importants de la Silicon Valley. Depuis mai, il est responsable de toutes les activités blockchain chez Facebook après avo",f-plus-40,f-homme,(Les précurseurs / Les créatifs / …),(secteur d’activité),(Indépendant / Chercheur / PME / Grande entreprise),(liens Le Temps),(profil linkedin)
84,81,Marta Martinez-Camara,female,32 ans,"Cofondatrice et CEO de Girlscoding.org, Lausanne","Avec son projet Girlscoding, Marta Martinez-Camara essaie d’intéresser davantage de femmes à l’informatique. En faisant son doctorat à l’EPFL, elle a découvert que les femmes ne sont que 12% à étudier",f-moins-40,f-femme,(Les précurseurs / Les créatifs / …),(secteur d’activité),(Indépendant / Chercheur / PME / Grande entreprise),(liens Le Temps),(profil linkedin)
54,5,Pierre Maudet ,male,40 ans,"Président du gouvernement genevois, Genève","En 2017, dans la campagne pour le siège PLR au Conseil fédéral, le conseiller d’Etat genevois Pierre Maudet s’est présenté comme conseiller fédéral 4.0, débattant volontiers et sans crainte de blockch",f-plus-40,f-homme,(Les précurseurs / Les créatifs / …),(secteur d’activité),(Indépendant / Chercheur / PME / Grande entreprise),(liens Le Temps),(profil linkedin)
79,76,Lorenz Meier,male,34 ans,"Fondateur PX4, Zurich","Lorenz Meier a passé les dix dernières années à construire la plus grande communauté open source pour les pilotes automatiques. «Avec PX4, nous avons façonné l’industrie des drones à l’échelle interna",f-moins-40,f-homme,(Les précurseurs / Les créatifs / …),(secteur d’activité),(Indépendant / Chercheur / PME / Grande entreprise),(liens Le Temps),(profil linkedin)
97,96,Jordi Montserrat,male,48 ans,"Directeur de Venturelab, Lausanne","Il est en quelque sorte le vétéran de la scène locale de la start-up: Jordi Montserrat, fondateur de l’entreprise, coach, investisseur, responsable de programme pour les start-up de l’EPFL. Avec son p",f-plus-40,f-homme,(Les précurseurs / Les créatifs / …),(secteur d’activité),(Indépendant / Chercheur / PME / Grande entreprise),(liens Le Temps),(profil linkedin)
15,82,Monique Morrow,female,61 ans,"Cofondatrice et présidente de The Humanized Internet, Zurich","Avec The Humanized Internet, Monique Morrow donne aux gens une identité, ou les aide à la conserver. En période de crise des réfugiés et de traite des êtres humains, son projet est particulièrement pe",f-plus-40,f-femme,(Les précurseurs / Les créatifs / …),(secteur d’activité),(Indépendant / Chercheur / PME / Grande entreprise),(liens Le Temps),(profil linkedin)
17,9,Michael Nilles,male,45 ans,"Chief Digital Officer (CDO) de Schindler, Ebikon","Le nom de Michael Nilles est incontournable en Suisse pour les entreprises cherchant à bien gérer le virage numérique. Responsable de la numérisation des processus commerciaux de Schindler, l’informat",f-plus-40,f-homme,(Les précurseurs / Les créatifs / …),(secteur d’activité),(Indépendant / Chercheur / PME / Grande entreprise),(liens Le Temps),(profil linkedin)
12,60,David Nüscheler,male,43 ans,"Vice-président Enterprise Technology Adobe, Salt Lake City, Utah","David Nüscheler est un rejeton de la folie des dotcoms de la fin des années 1990: lorsque, en 1998, avec ses trois associés, il fait enregistrer à Bâle le producteur de logiciels Day Interactive au Re",f-plus-40,f-homme,(Les précurseurs / Les créatifs / …),(secteur d’activité),(Indépendant / Chercheur / PME / Grande entreprise),(liens Le Temps),(profil linkedin)
21,10,Claudia Pletscher,female,44 ans,"Responsable du développement et de l’innovation de La Poste Suisse, Berne","Les drones de transport d’échantillons de laboratoire à Lugano, à Berne et à Zurich et les petits robots de distribution sur roues sont probablement les deux meilleures cartes de visite du département",f-plus-40,f-femme,(Les précurseurs / Les créatifs / …),(secteur d’activité),(Indépendant / Chercheur / PME / Grande entreprise),(liens Le Temps),(profil linkedin)
28,2,Georg Polzer,male,30 ans,"Cofondateur et président de Teralytics, Zurich","Georg Polzer a reconnu très tôt les avantages du big data: en 2012, il fondait Teralytics avec Luciano Franceschina et Donald Kossmann. Cette start-up de 60 personnes évalue les données anonymes sur l",f-moins-40,f-homme,(Les précurseurs / Les créatifs / …),(secteur d’activité),(Indépendant / Chercheur / PME / Grande entreprise),(liens Le Temps),(profil linkedin)
44,39,Tobias Reichmuth,male,39 ans,"CEO et fondateur de SUSI Partners SA, Zurich","Tobias Reichmuth est spécialisé dans le financement des futures infrastructures énergétiques. En collaboration avec l’EPFZ et l’Office fédéral de l’énergie (OFEN), sa société de placement SUSI Partner",f-moins-40,f-homme,(Les précurseurs / Les créatifs / …),(secteur d’activité),(Indépendant / Chercheur / PME / Grande entreprise),(liens Le Temps),(profil linkedin)
72,69,Sylvie Reinhard,female,37 ans,"VR Republik.ch, fondatrice de crstl.io, Zurich (A VERIFIER)","Certains sont théoriciens, d’autres sont praticiens. Sylvie Reinhard est les deux, et c’est rare. C’est à 25 ans qu’elle a fondé sa première société, la société de sécurité web Dreamlab, puis est deve",f-moins-40,f-femme,(Les précurseurs / Les créatifs / …),(secteur d’activité),(Indépendant / Chercheur / PME / Grande entreprise),(liens Le Temps),(profil linkedin)
57,53,Max Rheiner,male,46 ans,"Fondateur et Head Master Interaction Design, Somniacs SA, Zurich","Pouvoir voler comme un oiseau? C’est possible grâce à Max Rheiner. En collaboration avec les étudiants de la Haute école des arts de Zurich (ZHdK), le directeur du master en conception interactive a d",f-plus-40,f-homme,(Les précurseurs / Les créatifs / …),(secteur d’activité),(Indépendant / Chercheur / PME / Grande entreprise),(liens Le Temps),(profil linkedin)
80,77,Gregoire Ribordy,unknown,47 ans,"Fondateur, CEO et vice-président d’ID Quantique, Genève","La genevoise ID Quantique est l’une des trois premières entreprises mondiales en cryptographie quantique. L’entreprise construit des dispositifs, appelés systèmes de cryptographie quantique, qui crypt",f-plus-40,,(Les précurseurs / Les créatifs / …),(secteur d’activité),(Indépendant / Chercheur / PME / Grande entreprise),(liens Le Temps),(profil linkedin)
91,90,Eva Richterich,female,45 ans,"CEO de Ricolab, Zurich",Il arrive que des entreprises établies doivent longuement réfléchir à un nom si elles veulent mettre en place un laboratoire de pensées en dehors des structures existantes. Pour l’emblématique fabrica,f-plus-40,f-femme,(Les précurseurs / Les créatifs / …),(secteur d’activité),(Indépendant / Chercheur / PME / Grande entreprise),(liens Le Temps),(profil linkedin)
29,20,Neil Rimer,male,54 ans,"Cofondateur d’Index Ventures, Genève, Londres et San Francisco","Au début des années 1980, Neil Rimer étudiait la médecine à l’Université Stanford. Trente-cinq ans plus tard, sa société genevoise est l’une des 100 sociétés de capital-risque les plus prospères au mo",f-plus-40,f-homme,(Les précurseurs / Les créatifs / …),(secteur d’activité),(Indépendant / Chercheur / PME / Grande entreprise),(liens Le Temps),(profil linkedin)
40,35,Pipilotti Rist,unknown,56 ans,"Artiste, Zurich",Le succès a été immédiat l’hiver dernier lorsque Pipilotti Rist a transformé le Musée d’art contemporain de Sydney en un royaume magique. La rétrospective des œuvres de Pipilotti Rist a apporté au mus,f-plus-40,,(Les précurseurs / Les créatifs / …),(secteur d’activité),(Indépendant / Chercheur / PME / Grande entreprise),(liens Le Temps),(profil linkedin)
16,84,Anita Roth,female,37 ans,"Cheffe de la division Policy Data Science chez Airbnb, San Francisco","Depuis la création d’Airbnb, 300 millions de réservations ont été réalisées dans des ménages privés de milliers de villes et endroits du monde. Mais quelle influence ont ces réservations en ligne sur ",f-moins-40,f-femme,(Les précurseurs / Les créatifs / …),(secteur d’activité),(Indépendant / Chercheur / PME / Grande entreprise),(liens Le Temps),(profil linkedin)
94,93,Valentina S,female,31 ans,"Cofondatrice de Capacity Zurich, Zurich","Née en Colombie, Valentina S. Velandia a elle-même immigré, d’abord aux Etats-Unis, puis en Suisse. Elle connaît les défis de la langue, avec les autorités et pour la reconnaissance des diplômes unive",f-moins-40,f-femme,(Les précurseurs / Les créatifs / …),(secteur d’activité),(Indépendant / Chercheur / PME / Grande entreprise),(liens Le Temps),(profil linkedin)
32,24,Marcel Salathé,male,42 ans,"Laboratoire d’épidémiologie digitale, EPF Lausanne","Ça fonctionne généralement ainsi: les entrepreneurs et les universitaires créent des entreprises basées sur des produits issus de la recherche. Avec Marcel Salathé, c’était différent. Flu Trends, l’ou",f-plus-40,f-homme,(Les précurseurs / Les créatifs / …),(secteur d’activité),(Indépendant / Chercheur / PME / Grande entreprise),(liens Le Temps),(profil linkedin)
48,42,Toni Schneider,male,,"Partenaire de True Ventures, San Francisco","Pour les Suisses de la Silicon Valley, Toni Schneider est un vétéran: en 1989 déjà, il déménage de Meilen (ZH) pour étudier l’informatique en Californie. Il n’est plus rentré au pays: il a fondé deux ",,f-homme,(Les précurseurs / Les créatifs / …),(secteur d’activité),(Indépendant / Chercheur / PME / Grande entreprise),(liens Le Temps),(profil linkedin)
69,66,Philomena Schwab,female,28 ans,"Fondatrice du Game Studio Stray Fawn, Zurich","Philomena Schwab cumule tous les clichés de la créatrice de jeux vidéo: elle aime lire des bandes dessinées, adore les mangas et apprend le japonais. Mais c’est à son studio de jeu Stray Fawn, fondé a",f-moins-40,f-femme,(Les précurseurs / Les créatifs / …),(secteur d’activité),(Indépendant / Chercheur / PME / Grande entreprise),(liens Le Temps),(profil linkedin)
8,43,Florian Schweitzer,male,44 ans,"Partenaire de Btov Partners, Saint-Gall",Florian Schweitzer peut bien être content: «Les nouveaux contrats affluent et nous récoltons maintenant ce que nous semons depuis dix-huit ans.» C’est le temps passé en affaires chez Btov (Brains to V,f-plus-40,f-homme,(Les précurseurs / Les créatifs / …),(secteur d’activité),(Indépendant / Chercheur / PME / Grande entreprise),(liens Le Temps),(profil linkedin)
22,10,Dorian Selz,male,47 ans,"Fondateur de Namics, Memonic, Squirro","«En Suisse, fondateur en série n’est jamais une distinction honorifique, affirme Dorian Selz. Ici, il y a encore beaucoup de scepticisme vis-à-vis de la nouveauté.» Dorian Selz est bien placé pour le ",f-plus-40,f-homme,(Les précurseurs / Les créatifs / …),(secteur d’activité),(Indépendant / Chercheur / PME / Grande entreprise),(liens Le Temps),(profil linkedin)
30,21,Michael Sidler,male,50 ans,"Cofondateur associé de Redalpine, Zurich","Ces cinq dernières années, l’investisseur Redalpine pour sociétés en phase initiale a investi environ 10 millions de francs suisses dans des start-up et détient actuellement des participations dans pl",f-plus-40,f-homme,(Les précurseurs / Les créatifs / …),(secteur d’activité),(Indépendant / Chercheur / PME / Grande entreprise),(liens Le Temps),(profil linkedin)
33,25,Roland Siegwart,male,59 ans,"Laboratoire de systèmes autonomes, EPF Zurich","Lorsqu’il s’agit de robots, il est la rafraîchissante voix de la raison. Roland Siegwart a formé des dizaines de jeunes talents qui ont repris Google, Apple et Facebook avec les honneurs de l’EPFZ. Pa",f-plus-40,f-homme,(Les précurseurs / Les créatifs / …),(secteur d’activité),(Indépendant / Chercheur / PME / Grande entreprise),(liens Le Temps),(profil linkedin)
26,16,Christian Simm,male,59 ans,Fondateur de Swissnex San Francisco et CEO de Swissnex Boston,"L’objectif de Christian Simm est clair: la Suisse doit continuer à faire partie des pays les plus innovants du monde, notamment grâce au réseau international. C’est dans ce but qu’en 2003 le Lausannoi",f-plus-40,f-homme,(Les précurseurs / Les créatifs / …),(secteur d’activité),(Indépendant / Chercheur / PME / Grande entreprise),(liens Le Temps),(profil linkedin)
49,44,Philipp Stauffer,male,47 ans,"Cofondateur et directeur associé de Fyrfly Venture Partners, Silicon Valley","Depuis plus de quinze ans, Philipp Stauffer et sa partenaire Julie Allegro investissent dans des start-up technologiques. La liste est longue: Playspan, Angellist, Switchfly, Beekeeper, Altoida ou Phi",f-plus-40,f-homme,(Les précurseurs / Les créatifs / …),(secteur d’activité),(Indépendant / Chercheur / PME / Grande entreprise),(liens Le Temps),(profil linkedin)
42,37,Amir Suissa,male,46 ans,"Fondateur de Wefox, Zurich","Amir Suissa est un véritable fondateur en série: il a créé Swissinvest.com en 1996, puis First Tuesday SA en 2000, avant de fonder DeinDeal en 2010, devenue en cinq ans seulement une entreprise valant",f-plus-40,f-homme,(Les précurseurs / Les créatifs / …),(secteur d’activité),(Indépendant / Chercheur / PME / Grande entreprise),(liens Le Temps),(profil linkedin)
36,3,Tej Tadi,unknown,37 ans,"Fondateur et CEO de MindMaze, Lausanne","Tej Tadi est ingénieur électricien de formation. Mais c’est comme jeune entrepreneur le plus prospère de Suisse qu’il s’est fait connaître. En quatre ans, l’Indien de naissance a construit l’entrepris",f-moins-40,,(Les précurseurs / Les créatifs / …),(secteur d’activité),(Indépendant / Chercheur / PME / Grande entreprise),(liens Le Temps),(profil linkedin)
7,28,Estefania Tapias,female,30 ans,"Chair of Information Architecture, EPF Zurich","Architecture, numérisation, urbanisation, recherche climatique: de nombreuses marmites mijotent dans la cuisine d’Estefania Tapias. La Colombienne prépare un plat alléchant, en particulier pour les ur",f-moins-40,f-femme,(Les précurseurs / Les créatifs / …),(secteur d’activité),(Indépendant / Chercheur / PME / Grande entreprise),(liens Le Temps),(profil linkedin)
65,62,Dominik Tarolli,male,44 ans,"Fondateur Procedural, directeur Esri, Redlands (Californie)","Pour Dominik Tarolli, le moment de fonder sa start-up n’aurait pas pu être pire: c’est exactement au début de la crise financière mondiale de 2008 qu’il a lancé Procedural avec ses partenaires cofonda",f-plus-40,f-homme,(Les précurseurs / Les créatifs / …),(secteur d’activité),(Indépendant / Chercheur / PME / Grande entreprise),(liens Le Temps),(profil linkedin)
70,67,Patrick Thévoz,male,32 ans,"Cofondateur et CEO de Flyability, Lausanne","Le commerce des drones explose. En 2006, les ventes de robots volants dans le monde représentaient 2 milliards de francs, contre plus de 40 milliards aujourd’hui; ce volume devrait atteindre 100 milli",f-moins-40,f-homme,(Les précurseurs / Les créatifs / …),(secteur d’activité),(Indépendant / Chercheur / PME / Grande entreprise),(liens Le Temps),(profil linkedin)
61,58,Yann Tissot,male,39 ans,"Cofondateur et CEO L.E.S.S., Renens","Au début, il y avait l’ampoule à incandescence. Puis sont arrivés le néon et les LED. Et maintenant la lumière de L.E.S.S. C’est par ces mots qu’un membre du jury justifia le fait que la start-up soit",f-moins-40,f-homme,(Les précurseurs / Les créatifs / …),(secteur d’activité),(Indépendant / Chercheur / PME / Grande entreprise),(liens Le Temps),(profil linkedin)
52,48,Sandra Tobler,female,39 ans,"Cofondatrice et CEO de Futurae Technologies, Zurich","La société de cybersécurité Futurae Technologies rend les sites web, l’e-banking, les connexions aux appareils mobiles ou IdO plus sûrs, sans que l’utilisateur s’en aperçoive. «Comme les gens utilisen",f-moins-40,f-femme,(Les précurseurs / Les créatifs / …),(secteur d’activité),(Indépendant / Chercheur / PME / Grande entreprise),(liens Le Temps),(profil linkedin)
95,94,Grace Torrellas,female,,"Evangéliste de la blockchain, Lausanne","Blockchain par-ci, blockchain par-là, blockchain partout. La technologie promet de tout rendre plus rapide, plus efficace et plus transparent, ce qui entre-temps est devenu une préoccupation des group",,f-femme,(Les précurseurs / Les créatifs / …),(secteur d’activité),(Indépendant / Chercheur / PME / Grande entreprise),(liens Le Temps),(profil linkedin)
35,27,Luc Van Gool,male,58 ans,"Computer Vision Lab, EPF Zurich","De nos jours, les gens aiment parler d’apprentissage automatisé, d’intelligence artificielle et de la façon dont les robots apprennent à penser. Les décennies de recherche ayant appris au robot à voir",f-plus-40,f-homme,(Les précurseurs / Les créatifs / …),(secteur d’activité),(Indépendant / Chercheur / PME / Grande entreprise),(liens Le Temps),(profil linkedin)
73,70,Pascale Vonmont,female,51 ans,"CEO Fondation Gebert Rüf, Bâle","Pascale Vonmont est une figure clé dans la promotion de start-up. La docteure en chimie travaille pour la Fondation Gebert Rüf depuis près de vingt ans, comme CEO depuis un an. Financée par le capital",f-plus-40,f-femme,(Les précurseurs / Les créatifs / …),(secteur d’activité),(Indépendant / Chercheur / PME / Grande entreprise),(liens Le Temps),(profil linkedin)
98,97,Jean-Pierre Vuilleumier,male,59 ans,"Directeur général de la start-up Invest, Berne","«Maître suisse du tangage», c’est ainsi que Jean-Pierre Vuilleumier se désigne lui-même. Il enseigne aux start-up comment bien vendre une analyse de rentabilisation en Suisse. Ce n’est là qu’un petit ",f-plus-40,f-homme,(Les précurseurs / Les créatifs / …),(secteur d’activité),(Indépendant / Chercheur / PME / Grande entreprise),(liens Le Temps),(profil linkedin)
47,41,Steffen Wagner,male,44 ans,"Cofondateur et co-PDG d’Investiere, Verve Capital Partners, Baar (ZG)","Créée en 2010, la société de capital-risque numérique Investiere.ch investit dans des start-up avec son réseau et son savoir-faire. Avec le cofondateur Lukas Weber, Steffen Wagner a choisi une autre a",f-plus-40,f-homme,(Les précurseurs / Les créatifs / …),(secteur d’activité),(Indépendant / Chercheur / PME / Grande entreprise),(liens Le Temps),(profil linkedin)
88,87,Cédric Waldburger,male,30 ans,"Cofondateur de Tenderloin Ventures, Zoug","Déjà tout jeune, Cédric Waldburger sortait de l’ordinaire. Pendant que ses amis s’amusaient dehors, le petit Cédric apprenait seul divers langages de programmation informatique. Sa première entreprise",f-moins-40,f-homme,(Les précurseurs / Les créatifs / …),(secteur d’activité),(Indépendant / Chercheur / PME / Grande entreprise),(liens Le Temps),(profil linkedin)
3,11,Patrick Warnking,male,50 ans,"Directeur de Google Suisse, Zurich","Patrick Warnking est à la tête de Google Suisse depuis sept ans. Sous le règne de ce natif allemand, l’organisation nationale locale s’est développée pour devenir, avec 2500 employés actuellement, le ",f-plus-40,f-homme,(Les précurseurs / Les créatifs / …),(secteur d’activité),(Indépendant / Chercheur / PME / Grande entreprise),(liens Le Temps),(profil linkedin)
62,59,Basil Weibel,male,30 ans,"Cofondateur et CEO Wingtra, Zurich","Dans le développement des drones, la Suisse fait partie des pays pionniers. Du coup, les jeunes entreprises sont nombreuses à se concurrencer dans ce secteur de croissance. Wingtra se distingue par un",f-moins-40,f-homme,(Les précurseurs / Les créatifs / …),(secteur d’activité),(Indépendant / Chercheur / PME / Grande entreprise),(liens Le Temps),(profil linkedin)
99,99,Christian Wenger,male,54 ans,"Touche-à-tout, Zurich","Christian «Chrigu» Wenger est l’une des personnes en Suisse qui portent le plus de casquettes numériques, et pour les plus longues durées: l’avocat d’affaires s’occupe de start-up, de technologie et d",f-plus-40,f-homme,(Les précurseurs / Les créatifs / …),(secteur d’activité),(Indépendant / Chercheur / PME / Grande entreprise),(liens Le Temps),(profil linkedin)
50,45,Roland Zeller,male,48 ans,"Directeur et propriétaire d’Innuvik Ventures, Bottighofen (TG)","La carrière du fondateur et investisseur Roland Zeller est marquée par le voyage: en 2000, le Bernois lançait l’agence de voyages en ligne Travel.ch et poursuivait son expansion en Europe du Nord comm",f-plus-40,f-homme,(Les précurseurs / Les créatifs / …),(secteur d’activité),(Indépendant / Chercheur / PME / Grande entreprise),(liens Le Temps),(profil linkedin)
86,85,Claude Zellweger,mostly_male,46 ans,"Directeur du design Daydream chez Google, Mountain View (Californie)","«Les nerds l’ont enfin en main», le gros titre d’octobre 2017 sur le nouveau design des outils Google, on le doit au Lucernois d’origine Claude Zellweger, 46 ans. L’as du design, qui a appris ce qu’es",f-plus-40,,(Les précurseurs / Les créatifs / …),(secteur d’activité),(Indépendant / Chercheur / PME / Grande entreprise),(liens Le Temps),(profil linkedin)
74,71,Lea von Bidder,female,28 ans,"Cofondatrice d’Ava, San Francisco","«Il s’est passé tellement de choses», dit Lea von Bidder. Pas étonnant, car la société Ava, qu’elle a contribué à fonder il y a quatre ans, est l’une des jeunes entreprises les plus prometteuses de Su",f-moins-40,f-femme,(Les précurseurs / Les créatifs / …),(secteur d’activité),(Indépendant / Chercheur / PME / Grande entreprise),(liens Le Temps),(profil linkedin)
