cardId,Name,cardSubtitle,cardFilter4Tri,cardFilter4Display,Image,,Crédit image,New,Age,cardFilter0Tri,cardFilter1Tri,cardFilter2Tri,cardFilter3Tri,cardFilter5Display,cardSection5Text,Recherche Google,cardSection6Text,URL
(Ne pas toucher),,,Automatique,A compléter: catégorie,A trouver + cropper en 3:2 et renommer en nom.jpg,,,,A vérifier / compléter,,"A vérifier / compléter
(f = filtre)",A compléter: romand / alémanique / f-expat,A compléter: genre,A compléter: secteur d’activité,A compléter avec un article (suivre le format texte|lien). Barre verticale: alt-7,,A compléter avec URL LinkedIn uniquement,Pour info!
1,Marco Abele,"Fondateur et CEO de Tend, Zoug",f-tech-leaders,Tech Leaders,OK (Marco_Abele_Portrait.jpg),,DR? ,New,49 ans,,f-plus-40,f-alemanique,f-homme,Finance,n/a,https://www.google.ch/search?q=site%3Awww.letemps.ch+“Marco+Abele”,https://www.linkedin.com/in/marcoabele,https://labs.letemps.ch/interactive/2018/_digital-shapers/?portrait=marco-abele
2,Pedro Bados,"CEO et cofondateur de Nexthink, Lausanne",f-unicorn-raisers,Unicorn raisers,OK (Pedro_Bados.jpg),,Eddy Mottaz,New,38 ans,,f-moins-40,f-romand,f-homme,Services informatiques,Comment la société lausannoise Nexthink a levé 40 millions de dollars|https://www.letemps.ch/economie/societe-lausannoise-nexthink-leve-40-millions-dollars,https://www.google.ch/search?q=site%3Awww.letemps.ch+“Pedro+Bados”,https://ch.linkedin.com/in/pbados,https://labs.letemps.ch/interactive/2018/_digital-shapers/?portrait=pedro-bados
3,Nick Beglinger,"Cofondateur et CEO de Cleantech21, Zurich",f-do-gooders,Do-Gooders,OK (Nick_Beglinger_portrait.jpg),,© Lukas Lehmann|Keystone ,New,48 ans,,f-plus-40,f-alemanique,f-homme,Développement durable,n/a,https://www.google.ch/search?q=site%3Awww.letemps.ch+“Nick+Beglinger”,https://ch.linkedin.com/in/nick-beglinger-84a23b,https://labs.letemps.ch/interactive/2018/_digital-shapers/?portrait=nick-beglinger
4,Marc Bernegger,"Entrepreneur en fintech et investisseur, Zurich",f-serial-entrepreneurs,Serial Entrepreneurs,OK (Marc_P_Bernegger_Wikipedia.jpg),,Beechpasty, ,39 ans,,f-moins-40,f-alemanique,f-homme,Finance,«Apple pourrait ainsi devenir un acteur majeur en Suisse»|https://www.letemps.ch/economie/apple-pourrait-ainsi-devenir-un-acteur-majeur-suisse,https://www.google.ch/search?q=site%3Awww.letemps.ch+“Marc+Bernegger”,https://ch.linkedin.com/in/marcpbernegger,https://labs.letemps.ch/interactive/2018/_digital-shapers/?portrait=marc-bernegger
5,Sonja Betschart,"Cofondatrice de WeRobotics, Genève",f-do-gooders,Do-Gooders,OK (Sonja_Betschart_Portrait.jpg),,© David Wagnières,New,48 ans,,f-plus-40,f-romand,f-femme,Recherche,L’Américain WeRobotics s’installe à Genève|https://www.letemps.ch/economie/lamericain-werobotics-sinstalle-geneve,https://www.google.ch/search?q=site%3Awww.letemps.ch+“Sonja+Betschart”,https://ch.linkedin.com/in/sonjabetschart,https://labs.letemps.ch/interactive/2018/_digital-shapers/?portrait=sonja-betschart
6,Lucas Betschart,"Président de la Bitcoin Association Switzerland, Zurich/Zoug",f-enabler,Enabler,OK (Lucas_Betschart_Portrait.jpg),,Keystone Images,New,26 ans,,f-moins-40,f-alemanique,f-homme,Finance,n/a,https://www.google.ch/search?q=site%3Awww.letemps.ch+“Lucas+Betschart”,https://ch.linkedin.com/in/lucasbetschart,https://labs.letemps.ch/interactive/2018/_digital-shapers/?portrait=lucas-betschart
7,Jurgi Camblong,"Cofondateur et CEO de Sophia Genetics, Genève",f-unicorn-raisers,Unicorn raisers,OK (Jurgi_Camblong_Portrait.jpg),,© Tina Sturzenegger,,40 ans,,f-plus-40,f-romand,f-homme,Recherche,«Le fondateur de Sophia Genetics nommé entrepreneur de l'année» | https://www.letemps.ch/economie/fondateur-sophia-genetics-nomme-entrepreneur-lannee,https://www.google.ch/search?q=site%3Awww.letemps.ch+“Jurgi+Camblong”,https://www.linkedin.com/in/jurgicamblong/,https://labs.letemps.ch/interactive/2018/_digital-shapers/?portrait=jurgi-camblong
8,Nicoletta Casanova,"Cofondatrice et CEO FEMTOprint, Muzzano (TI)",f-tech-leaders,Tech Leaders,OK (Nicoletta_Casanova_Portrait.jpg),,© Claudio Bader,New,47 ans,,f-plus-40,f-italienne,f-femme,Recherche,n/a,https://www.google.ch/search?q=site%3Awww.letemps.ch+“Nicoletta+Casanova”,https://www.linkedin.com/in/nicoletta-casanova-61b249/,https://labs.letemps.ch/interactive/2018/_digital-shapers/?portrait=nicoletta-casanova
9,Filippo Catalano,"CIO du groupe Nestlé, Vevey",f-corporates,Corporates,OK (Filippo_Catalano_Portrait.jpg),,© François Wavre|Lundi 13,New,46 ans,,f-plus-40,f-romand,f-homme,Agroalimentaire,n/a,https://www.google.ch/search?q=site%3Awww.letemps.ch+“Filippo+Catalano”,https://www.linkedin.com/in/filippocatalano/,https://labs.letemps.ch/interactive/2018/_digital-shapers/?portrait=filippo-catalano
10,Caecilia Charbonnier,"Cofondatrice, présidente et directrice de recherche chez Artanim, Meyrin (GE) et cofondatrice et directrice technique de Dreamscape Immersive",f-creatives,Creatives,Ok (Caecilia_Charbonnier_Portrait.jpg),,© Olivier Vogelsang,New,37 ans,,f-moins-40,f-romand,f-femme,Recherche,«Soigner les phobies grâce à la réalité virtuelle» | https://www.letemps.ch/sciences/soigner-phobies-grace-realite-virtuelle,https://www.google.ch/search?q=site%3Awww.letemps.ch+“Caecilia+Charbonnier”,https://www.linkedin.com/in/caecilia-charbonnier-b218485/,https://labs.letemps.ch/interactive/2018/_digital-shapers/?portrait=caecilia-charbonnier
11,Alain Chuard,"Fondateur Swisspreneur.org, Palo Alto (Californie)",f-expats,Expats,Ok (Alain_Chuard.jpg),http://mdb.ringier.ch/dcx_rng/documents#/doc/doc6vzzhih4dpc1jq6si1p2,Robert Houser,,45 ans,,f-plus-40,f-expat,f-homme,Services informatiques,«Un millionnaire de la Silicon Valley pour doper l’entrepreneuriat en Suisse» | https://www.letemps.ch/economie/un-millionnaire-silicon-valley-doper-lentrepreneuriat-suisse,https://www.google.ch/search?q=site%3Awww.letemps.ch+“Alain+Chuard”,https://www.linkedin.com/in/alainchuard/,https://labs.letemps.ch/interactive/2018/_digital-shapers/?portrait=alain-chuard
12,Kate Darling,"Ethicienne en robotique, Massachusetts Institute of Technology MIT, Boston",f-researchers,Researchers,Ok (Kate_Darling_Portrait.jpg),,DR? ,New,36 ans,,f-moins-40,f-expat,f-femme,Recherche,"«Il faut donner des droits aux robots, pour notre propre bien» | https://www.letemps.ch/sciences/faut-donner-droits-aux-robots-propre-bien",https://www.google.ch/search?q=site%3Awww.letemps.ch+“Kate+Darling”,,https://labs.letemps.ch/interactive/2018/_digital-shapers/?portrait=kate-darling
13,Christian Decker,"Ingénieur logiciel et chercheur chez Blockstream, Zurich",f-tech-leaders,Tech Leaders,OK (Christian_Decker_Portrait.jpg),,© Joseph Khakshouri ,New,33 ans,,f-moins-40,f-alemanique,f-homme,Services informatiques,n/a,https://www.google.ch/search?q=site%3Awww.letemps.ch+“Christian+Decker”,https://www.linkedin.com/in/christiandecker/,https://labs.letemps.ch/interactive/2018/_digital-shapers/?portrait=christian-decker
14,Marc Degen,"Cofondateur de Modum.io et de Moflix, Zurich",f-serial-entrepreneurs,Serial Entrepreneurs,OK (Marc_Degen_Portrait.jpg),,DR?,New,41 ans,,f-plus-40,f-alemanique,f-homme,Finance,n/a,https://www.google.ch/search?q=site%3Awww.letemps.ch+“Marc+Degen”,https://www.linkedin.com/in/marcdegen/,https://labs.letemps.ch/interactive/2018/_digital-shapers/?portrait=marc-degen
15,Paul-Olivier Dehaye,"CEO Personaldata.io, Lausanne",f-tech-leaders,Tech Leaders,OK (Paul_Olivier_Dehaye_Portrait.jpg),,© Olivier Vogelsang,New,37 ans,,f-moins-40,f-romand,f-homme,Services informatiques,«Facebook est désormais un puissant outil d’influence vendu au plus offrant» | https://www.letemps.ch/monde/facebook-desormais-un-puissant-outil-dinfluence-vendu-plus-offrant,https://www.google.ch/search?q=site%3Awww.letemps.ch+“Paul-Olivier+Dehaye”,https://www.linkedin.com/in/paulolivierdehaye/,https://labs.letemps.ch/interactive/2018/_digital-shapers/?portrait=paul-olivier-dehaye
16,Leila Delarive,"Cofondatrice et CEO d’Amplify, Lausanne",f-do-gooders,Do-Gooders,OK (Leila_Delarive_Portrait.jpg),,© Jean-Christophe Bott |Keystone ,New,41 ans,,f-plus-40,f-romand,f-femme,Services informatiques,"«Leila Delarive et Fred Valet, les architectes de Be Curious» | https://www.letemps.ch/suisse/leila-delarive-fred-valet-architectes-be-curious",https://www.google.ch/search?q=site%3Awww.letemps.ch+“Leila+Delarive”,https://www.linkedin.com/in/leiladelarive/,https://labs.letemps.ch/interactive/2018/_digital-shapers/?portrait=leila-delarive
17,Giovanna Di Marzo Serugendo,"Directrice du Centre universitaire d’informatique, Université de Genève",f-researchers,Researchers,OK Giovanna_Di_Marzo_Portrait.jpg,,Elie Zagury,New,52 ans,,f-plus-40,f-romand,f-femme,Recherche,Comment les start-up se basent sur les géodonnées | https://www.letemps.ch/economie/startup-se-basent-geodonnees,https://www.google.ch/search?q=site%3Awww.letemps.ch+“Giovanna+Di+Marzo+Serugendo”,https://www.linkedin.com/in/giovanna-di-marzo-serugendo-541382/,https://labs.letemps.ch/interactive/2018/_digital-shapers/?portrait=giovanna-di-marzo-serugendo
18,Daniel Diemers,"PwC Strategy&, Blockchain Leader EMEA, Zurich",f-corporates,Corporates,OK (Daniel_Diemers_Portrait.jpg),,DR?,New,45 ans,,f-plus-40,f-alemanique,f-homme,Finance,n/a,https://www.google.ch/search?q=site%3Awww.letemps.ch+“Daniel+Diemers”,https://www.linkedin.com/in/ddiemers/,https://labs.letemps.ch/interactive/2018/_digital-shapers/?portrait=daniel-diemers
19,Sabrina Cohen Dumani,"Fondatrice et directrice générale de la Fondation Nomads, Genève",f-do-gooders,Do-Gooders,OK (Sabrina_Cohen_Dumani.jpg),,DR?,New,50 ans,,f-plus-40,f-romand,f-femme,Développement durable,«L’innovation a sa plateforme dédiée» | https://www.letemps.ch/economie/linnovation-plateforme-dediee,https://www.google.ch/search?q=site%3Awww.letemps.ch+“Sabrina+Cohen+Dumani”,https://www.linkedin.com/in/sabrinacohendumani/,https://labs.letemps.ch/interactive/2018/_digital-shapers/?portrait=sabrina-cohen-dumani
20,Thomas Dübendorfer,"Fondateur, président et investisseur providentiel de Swiss ICT Investor Club (SICTIC), Zurich",f-enabler,Enabler,OK (Thomas_Dubendorfer_Portrait.jpg),,© Samuel Truempy,New,43 ans,,f-plus-40,f-alemanique,f-homme,Finance,n/a,https://www.google.ch/search?q=site%3Awww.letemps.ch+“Thomas+Dübendorfer”,https://www.linkedin.com/in/duebendorfer/,https://labs.letemps.ch/interactive/2018/_digital-shapers/?portrait=thomas-dubendorfer
21,Raffaello D’Andrea,"Institut pour les systèmes dynamiques et les technologies de contrôle, EPFZ",f-researchers,Researchers,OK (Raffaello_DAndrea_Portrait.jpg),,© Bret Hartman ,New,51 ans,,f-plus-40,f-alemanique,f-homme,Recherche,n/a,https://www.google.ch/search?q=site%3Awww.letemps.ch+“Raffaello+D’Andrea”,,https://labs.letemps.ch/interactive/2018/_digital-shapers/?portrait=raffaello-d’andrea
22,Petra Ehmann,"Directrice développement de partenariats commerciaux RA Google, Zurich",f-corporates,Corporates,OK (Petra_Ehmann_Portrait.jpg),,DR?,New,33 ans,,f-moins-40,f-alemanique,f-femme,Négoce,n/a,https://www.google.ch/search?q=site%3Awww.letemps.ch+“Petra+Ehmann”,https://www.linkedin.com/in/petraehmann/,https://labs.letemps.ch/interactive/2018/_digital-shapers/?portrait=petra-ehmann
23,Judith Ellens,"Cofondatrice et responsable scientifique chez Eaternity, Zurich",f-do-gooders,Do-Gooders,OK (Judith_Ellens_Portrait.jpg),,DR?,New,36 ans,,f-moins-40,f-alemanique,f-femme,Recherche,n/a,https://www.google.ch/search?q=site%3Awww.letemps.ch+“Judith+Ellens”,https://www.linkedin.com/in/judith-ellens-35445465/,https://labs.letemps.ch/interactive/2018/_digital-shapers/?portrait=judith-ellens
24,Francisco Fernandez,"Fondateur et président du CA Avaloq, Zurich",f-unicorn-raisers,Unicorn raisers,OK (Francisco_Fernandez_Portrait.jpg),,DR?,,56 ans,,f-plus-40,f-alemanique,f-homme,Services informatiques,n/a,https://www.google.ch/search?q=site%3Awww.letemps.ch+“Francisco+Fernandez”,https://www.linkedin.com/in/francisco-fernandez-977533/,https://labs.letemps.ch/interactive/2018/_digital-shapers/?portrait=francisco-fernandez
25,Björn Flückiger,"Responsable du desk fintech à la Finma, Berne",f-enabler,Enabler,OK (Bjorn_Fluckiger_Portrait.jpg),,DR?,New,29 ans,,f-moins-40,f-alemanique,f-homme,Finance,n/a,https://www.google.ch/search?q=site%3Awww.letemps.ch+“Björn+Flückiger”,https://www.linkedin.com/in/björn-flückiger-208881161/,https://labs.letemps.ch/interactive/2018/_digital-shapers/?portrait=bjorn-fluckiger
26,Karmen Franinovic,"Directrice d’Interaction Design, Zurich",f-creatives,Creatives,OK (Karmen_Franinovic_Portrait.jpg),,DR?,,42 ans,,f-plus-40,f-alemanique,f-femme,Recherche,n/a,https://www.google.ch/search?q=site%3Awww.letemps.ch+“Karmen+Franinovic”,https://www.linkedin.com/in/karmenfraninovic/,https://labs.letemps.ch/interactive/2018/_digital-shapers/?portrait=karmen-franinovic
27,Thomas Frey,"Fondateur de Giants Software, Zurich",f-creatives,Creatives,OK (Thomas_Frey_Portrait.jpg),,© Jan Graber,,37 ans,,f-moins-40,f-alemanique,f-homme,Services informatiques,n/a,https://www.google.ch/search?q=site%3Awww.letemps.ch+“Thomas+Frey”,https://www.linkedin.com/in/thomas-frey-73138b13/,https://labs.letemps.ch/interactive/2018/_digital-shapers/?portrait=thomas-frey
28,Alexander Fries,"General Partner Alpana Ventures, San Matteo, Etats-Unis",f-expats,Expats,OK (Alexandre_Fries_Portrait.jpg),,DR?,,51 ans,,f-plus-40,f-expat,f-homme,Négoce,«Les recettes d'entrepreneurs romands face au choc de la Silicon Valley» | https://www.letemps.ch/economie/recettes-dentrepreneurs-romands-face-choc-silicon-valley,https://www.google.ch/search?q=site%3Awww.letemps.ch+“Alexander+Fries”,https://www.linkedin.com/in/alexanderfries/,https://labs.letemps.ch/interactive/2018/_digital-shapers/?portrait=alexander-fries
29,Luca Maria Gambardella,"Directeur de l’Institut Dalle Maolle d’études sur l’intelligence artificielle, Lugano",f-researchers,Researchers,OK (Luca_Maria_Gambardella_Portrait.jpg),,DR?,New,56 ans,,f-plus-40,f-italienne,f-homme,Recherche,n/a,https://www.google.ch/search?q=site%3Awww.letemps.ch+“Luca+Maria+Gambardella”,,https://labs.letemps.ch/interactive/2018/_digital-shapers/?portrait=luca-maria-gambardella
30,Jörg Gasser,"Secrétariat d'Etat aux questions financières internationales, Berne",f-enabler,Enabler,OK (Jorg_Gasser_Portrait.jpg),,DR?,New,49 ans,,f-plus-40,f-alemanique,f-homme,Finance,«Les discussions avec la France sur l’accès au marché sont très constructives» | https://www.letemps.ch/economie/discussions-france-lacces-marche-tres-constructives,https://www.google.ch/search?q=site%3Awww.letemps.ch+“Jörg+Gasser”,,https://labs.letemps.ch/interactive/2018/_digital-shapers/?portrait=jorg-gasser-
31,Solange Ghernaouti,"Professeure de cybersécurité, Université de Lausanne",f-researchers,Researchers,OK (Solange_Ghernaouti_Portrait.jpg),,© Olivier Vogelsang,New,59 ans,,f-plus-40,f-romand,f-femme,Recherche,Solange Ghernaouti: «Comment croire que les excuses de Facebook soient sincères?» | https://www.letemps.ch/economie/solange-ghernaouti-croire-excuses-facebook-soient-sinceres,https://www.google.ch/search?q=site%3Awww.letemps.ch+“Solange+Ghernaouti”,,https://labs.letemps.ch/interactive/2018/_digital-shapers/?portrait=solange-ghernaouti
33,Raphaël Gindrat,Cofondateur et CEO de Bestmile,f-unicorn-raisers,Unicorn raisers,OK (Raphaël_Gindrat_Portrait.jpg),,"© François Wavre, Lundi 13",New,30 ans,,f-moins-40,f-romand,f-homme,Transport,"La start-up lausannoise BestMile veut dominer le secteur des navettes autonomes|https://www.letemps.ch/economie/startup-lausannoise-bestmile-veut-dominer-secteur-navettes-autonomes
",https://www.google.ch/search?q=site%3Awww.letemps.ch+“Raphaël+Gindrat”,https://www.linkedin.com/in/rgindrat/,https://labs.letemps.ch/interactive/2018/_digital-shapers/?portrait=raphael-gindrat
34,Fabio Gramazio,"Architecte à l’EPFZ, Zurich",f-creatives,Creatives,OK (Fabio_Gramazio_Portrait.jpg),,DR?,New,48 ans,,f-plus-40,f-alemanique,f-homme,Recherche,«Ces robots qui construisent des maisons» | https://www.letemps.ch/economie/robots-construisent-maisons,https://www.google.ch/search?q=site%3Awww.letemps.ch+“Fabio+Gramazio”,https://ch.linkedin.com/in/fabiogramazio,https://labs.letemps.ch/interactive/2018/_digital-shapers/?portrait=fabio-gramazio
35,Manuel Grenacher,"Fondateur de Mila et de Coresystems, Windisch (AG)",f-serial-entrepreneurs,Serial Entrepreneurs,OK (Manuel_Grenacher_Portrait.jpg),,DR?,New,37 ans,,f-moins-40,f-alemanique,f-homme,Services informatiques,n/a,https://www.google.ch/search?q=site%3Awww.letemps.ch+“Manuel+Grenacher”,https://www.linkedin.com/in/grenacher,https://labs.letemps.ch/interactive/2018/_digital-shapers/?portrait=manuel-grenacher
36,Markus Gross,"Professeur EPFL d’informatique, doyen du Computer Graphics Laboratory, directeur de Disney Research, Zurich",f-creatives,Creatives,"OK Image trop grande, mauvais recadrage, 3:2 mauvais (Markus_Gross_Portrait.jpg)",http://mdb.ringier.ch/dcx_rng/documents#/doc/doc6vzzb4o1q8wy99pj2ma,Keystone,,55 ans,,f-plus-40,f-alemanique,f-homme,Recherche,«Physique appliquée du dessin animé» | https://www.letemps.ch/sciences/physique-appliquee-dessin-anime,https://www.google.ch/search?q=site%3Awww.letemps.ch+“Markus+Gross”,https://ch.linkedin.com/in/markus-gross-961684,https://labs.letemps.ch/interactive/2018/_digital-shapers/?portrait=markus-gross
37,Daniel Gutenberg,"Partner VI Partners, Zoug",f-investors,Investors,"OK Image trop haute, mauvais recadrage (Daniel_Gutenberg_Portrait.jpg)",,Tina Sturzenegger,,52 ans,,f-plus-40,f-alemanique,f-homme,Services informatiques,«Advanon promet des vacances illimitées pour attirer les talents» | https://www.letemps.ch/economie/advanon-promet-vacances-illimitees-attirer-talents,https://www.google.ch/search?q=site%3Awww.letemps.ch+“Daniel+Gutenberg”,https://ch.linkedin.com/in/danielgutenberg,https://labs.letemps.ch/interactive/2018/_digital-shapers/?portrait=daniel-gutenberg
38,Stefan Heitmann,"CEO et fondateur de MoneyPark, Pfäffikon (SZ)",f-serial-entrepreneurs,Serial Entrepreneurs,OK (Stefan_Heitmann_Portrait.jpg),,© PHOTO-VERTIGE,New,41 ans,,f-plus-40,f-alemanique,f-homme,Finance,«La chasse aux meilleurs prix comme modèle d’affaires» | https://www.letemps.ch/economie/chasse-aux-meilleurs-prix-modele-daffaires,https://www.google.ch/search?q=site%3Awww.letemps.ch+“Stefan+Heitmann”,https://ch.linkedin.com/in/dr-stefan-a-heitmann-73883955,https://labs.letemps.ch/interactive/2018/_digital-shapers/?portrait=stefan-heitmann
39,Oliver Herren,"CIO Digitec, fondateur de True Wealth, Zurich",f-serial-entrepreneurs,Serial Entrepreneurs,OK (Oliver_Herren_portrait.jpg),,© Tina Sturzenegger,New,39 ans,,f-moins-40,f-alemanique,f-homme,Services informatiques,«Digitec et Galaxus sont sans cesse exposés aux attaques de pirates» | https://www.letemps.ch/economie/digitec-galaxus-cesse-exposes-aux-attaques-pirates,https://www.google.ch/search?q=site%3Awww.letemps.ch+“Oliver+Herren”,https://ch.linkedin.com/in/oliver-herren-60a6704a,https://labs.letemps.ch/interactive/2018/_digital-shapers/?portrait=oliver-herren
40,Christian Hirsig,"Fondateur de Powercoders, Berne",f-do-gooders,Do-Gooders,OK (Christian_Hirsig_Portrait.jpg),,DR?,,38 ans,,f-moins-40,f-alemanique,f-homme,Services informatiques,n/a,https://www.google.ch/search?q=site%3Awww.letemps.ch+“Christian+Hirsig”,https://ch.linkedin.com/in/christianhirsig,https://labs.letemps.ch/interactive/2018/_digital-shapers/?portrait=christian-hirsig
41,Caroline Hirt,"Fondatrice et directrice du Museum of Digital Art, Zurich",f-creatives,Creatives,OK (Caroline_Hirt_Portrait.jpg),,DR?,,40 ans,,f-plus-40,f-alemanique,f-femme,Développement durable,«L’art digital entre au musée» | https://www.letemps.ch/culture/lart-digital-entre-musee,https://www.google.ch/search?q=site%3Awww.letemps.ch+“Caroline+Hirt”,https://ch.linkedin.com/in/caroline-hirt-00465814a/en,https://labs.letemps.ch/interactive/2018/_digital-shapers/?portrait=caroline-hirt
42,Klaus Hommels,"Fondateur Lakestar, Zurich",f-investors,Investors,OK (Klaus_Hommels_Portrait.jpg),,DR?,,51 ans,,f-plus-40,f-alemanique,f-homme,Finance,n/a,https://www.google.ch/search?q=site%3Awww.letemps.ch+“Klaus+Hommels”,,https://labs.letemps.ch/interactive/2018/_digital-shapers/?portrait=klaus-hommels
43,Urs Hölzle,"Ingénieur SVP, Google, Mountain View (Etats-Unis)",f-expats,Expats,OK (Urs_Hozle_Portrait.jpg),,© Jos Schmid,,55 ans,,f-plus-40,f-expat,f-homme,Services informatiques,«Urs Hölzle: «La Suisse est un pays crucial pour Google»» | https://www.letemps.ch/economie/urs-holzle-suisse-un-pays-crucial-google,https://www.google.ch/search?q=site%3Awww.letemps.ch+“Urs+Hölzle”,https://www.linkedin.com/in/urs-hölzle-b3168365,https://labs.letemps.ch/interactive/2018/_digital-shapers/?portrait=urs-holzle
44,Frederic Jacobs,"Security Engineer, Apple, Cupertino (Californie)",f-tech-leaders,Tech Leaders,OK (Frédéric_Jacobs_Portrait.jpg),,© David Wagnières,New,27 ans,,f-moins-40,f-expat,f-homme,Services informatiques,"«Frédéric Jacobs, les libertés digitales à tout prix» | https://www.letemps.ch/societe/frederic-jacobs-libertes-digitales-prix",https://www.google.ch/search?q=site%3Awww.letemps.ch+“Frederic+Jacobs”,https://www.linkedin.com/in/fredericjacobs,https://labs.letemps.ch/interactive/2018/_digital-shapers/?portrait=frederic-jacobs
45,Gilles Jobin,"Chorégraphe de la Cie Gilles Jobin, Genève",f-creatives,Creatives,OK (Gilles_Jobin_Portrait.jpg),,© Keystone ,New,54 ans,,f-plus-40,f-romand,f-homme,Art,«L’odyssée pour géants de Gilles Jobin» | https://www.letemps.ch/culture/lodyssee-geants-gilles-jobin,https://www.google.ch/search?q=site%3Awww.letemps.ch+“Gilles+Jobin”,https://fr.linkedin.com/company/cie-gilles-jobin,https://labs.letemps.ch/interactive/2018/_digital-shapers/?portrait=gilles-jobin
46,Frédéric Kaplan,"Professeur d’humanités digitales, EPFL Lausanne",f-researchers,Researchers,OK (Frédéric_Kaplan_Portrait.jpg),,© Eddy Mottaz,New,44 ans,,f-plus-40,f-romand,f-homme,Recherche,«Frédéric Kaplan: «Genève a une chronologie particulière»» | https://www.letemps.ch/suisse/frederic-kaplan-geneve-une-chronologie-particuliere,https://www.google.ch/search?q=site%3Awww.letemps.ch+“Frédéric+Kaplan”,https://ch.linkedin.com/in/frederickaplan,https://labs.letemps.ch/interactive/2018/_digital-shapers/?portrait=frederic-kaplan
47,Pascal Kaufmann,"Cofondateur et CEO de Starmind International, Küsnacht (ZH)",f-tech-leaders,Tech Leaders,OK (Pascal_Kaufmann_Portrait.jpg),,© Daniel Kellenberger ,New,40 ans,,f-plus-40,f-alemanique,f-homme,Recherche,n/a,https://www.google.ch/search?q=site%3Awww.letemps.ch+“Pascal+Kaufmann”,https://ch.linkedin.com/in/pascal-kaufmann-b2890246,https://labs.letemps.ch/interactive/2018/_digital-shapers/?portrait=pascal-kaufmann
48,André Kudelski,"Chef et copropriétaire du groupe Kudelski, Cheseaux (VD) et Phoenix (Arizona)",f-corporates,Corporates,OK (André_Kudelski_Portrait.jpg),,© François Wavre|Lundi 13,,57 ans,,f-plus-40,f-romand,f-homme,Services informatiques,«André Kudelski: «Nous sommes en train de souffrir»» | https://www.letemps.ch/economie/andre-kudelski-sommes-train-souffrir,https://www.google.ch/search?q=site%3Awww.letemps.ch+“André+Kudelski”,https://ch.linkedin.com/in/andre-kudelski-17570,https://labs.letemps.ch/interactive/2018/_digital-shapers/?portrait=andre-kudelski
49,Cédric Köhler,"Managing Partner Creathor, Zurich et Bad Homburg (D)",f-investors,Investors,Image trop haute (Cedric_Kohler_Portrait.jpg),,DR?,,39 ans,,f-moins-40,f-alemanique,f-homme,Finance,n/a,https://www.google.ch/search?q=site%3Awww.letemps.ch+“Cédric+Köhler”,https://www.linkedin.com/in/cedrickoehler/,https://labs.letemps.ch/interactive/2018/_digital-shapers/?portrait=cedric-kohler
50,Sophie Lamparter,"Cofondatrice de Dart 17, San Francisco",f-creatives,Creatives,OK (Sophie_Lamparter_Portrait.jpg),,DR?,New,41 ans,,f-plus-40,f-expat,f-femme,Recherche,n/a,https://www.google.ch/search?q=site%3Awww.letemps.ch+“Sophie+Lamparter”,https://www.linkedin.com/in/sophielamparter,https://labs.letemps.ch/interactive/2018/_digital-shapers/?portrait=sophie-lamparter
51,Moritz Lechner,"Fondateur et coprésident du conseil d’administration de Sensirion, Stäfa (ZH)",f-corporates,Corporates,OK (Moritz_Lechner_Portrait.jpg),,DR?,,49 ans,,f-plus-40,f-alemanique,f-homme,Développement durable,n/a,https://www.google.ch/search?q=site%3Awww.letemps.ch+“Moritz+Lechner”,https://at.linkedin.com/in/moritz-lechner-542543160,https://labs.letemps.ch/interactive/2018/_digital-shapers/?portrait=moritz-lechner
52,Adrian Locher,"Fondateur DeinDeal, cofondateur Merantix, Berlin et Zurich",f-serial-entrepreneurs,Serial Entrepreneurs,OK (Adrian_Locher_Portrait.jpg),,DR?,,36 ans,,f-moins-40,f-alemanique,f-homme,Recherche,n/a,https://www.google.ch/search?q=site%3Awww.letemps.ch+“Adrian+Locher”,https://de.linkedin.com/in/adrianlocher,https://labs.letemps.ch/interactive/2018/_digital-shapers/?portrait=adrian-locher
53,Ariel Lüdi,"Fondateur de Hammer Team, Cham (ZG)",f-investors,Investors,OK (Ariel_Ludi_Portrait.jpg),,© Martin Vogel ,,59 ans,,f-plus-40,f-alemanique,f-homme,Finance,«Comment Zoug vend sa Crypto Valley aux délégations étrangères» | https://www.letemps.ch/economie/zoug-vend-crypto-valley-aux-delegations-etrangeres,https://www.google.ch/search?q=site%3Awww.letemps.ch+“Ariel+Lüdi”,https://ch.linkedin.com/in/arielluedi,https://labs.letemps.ch/interactive/2018/_digital-shapers/?portrait=ariel-ludi
54,Christophe Maire,"Fondateur et CEO d’Atlantic Labs, Berlin",f-expats,Expats,OK (Christophe_Maire_Portrait.jpg),,© A. Chudowski/WirtschaftsWoche,,52 ans,,f-plus-40,f-expat,f-homme,Finance,n/a,https://www.google.ch/search?q=site%3Awww.letemps.ch+“Christophe+Maire”,https://www.linkedin.com/in/christophe-maire-9073196/,https://labs.letemps.ch/interactive/2018/_digital-shapers/?portrait=christophe-maire
55,David Marcus,"Vice-président Blockchain, Facebook, Menlo Park (Californie)",f-corporates,Corporates,OK (David_Marcus_Portrait.jpg),,© David Paul Morris,,45 ans,,f-plus-40,f-expat,f-homme,Blockchain,«Le Suisse David Marcus quitte la direction de Messenger» | https://www.letemps.ch/economie/suisse-david-marcus-quitte-direction-messenger,https://www.google.ch/search?q=site%3Awww.letemps.ch+“David+Marcus”,https://www.linkedin.com/in/dmarcus/fr,https://labs.letemps.ch/interactive/2018/_digital-shapers/?portrait=david-marcus
56,Marta Martinez-Camara,"Cofondatrice et CEO de Girlscoding.org, Lausanne",f-do-gooders,Do-Gooders,OK (Marta_Martinez_Camara_Portrait.jpg),,DR?,New,32 ans,,f-moins-40,f-romand,f-femme,Recherche,n/a,https://www.google.ch/search?q=site%3Awww.letemps.ch+“Marta+Martinez-Camara”,https://ch.linkedin.com/in/marta-martinez-camara-84284bb4,https://labs.letemps.ch/interactive/2018/_digital-shapers/?portrait=marta-martinez-camara
57,Pierre Maudet,"Président du gouvernement genevois, Genève",f-enabler,Enabler,OK (Pierre_Maudet_Portrait.jpg),,DR?,New,40 ans,,f-plus-40,f-romand,f-homme,???,«La révolution numérique selon Pierre Maudet» |  https://www.letemps.ch/images/video/economie/revolution-numerique-selon-pierre-maudet,https://www.google.ch/search?q=site%3Awww.letemps.ch+“Pierre+Maudet”,https://ch.linkedin.com/in/pierremaudet,https://labs.letemps.ch/interactive/2018/_digital-shapers/?portrait=pierre-maudet-
58,Lorenz Meier,"Fondateur PX4, Zurich",f-tech-leaders,Tech Leaders,OK (Lorenz_Meier_Portrait.jpg),,© Oliver Bartenschlager,New,34 ans,,f-moins-40,f-alemanique,f-homme,robotique-drone?,n/a,https://www.google.ch/search?q=site%3Awww.letemps.ch+“Lorenz+Meier”,https://ch.linkedin.com/in/meierlorenz,https://labs.letemps.ch/interactive/2018/_digital-shapers/?portrait=lorenz-meier
59,Jordi Montserrat,"Directeur de Venturelab, Lausanne",f-enabler,Enabler,OK (Jordi_Montserrat_Portrait.jpg),,© Michael Kretz,,48 ans,,f-plus-40,f-romand,f-homme,Finance,«Venture Kick a créé près de 400 start-up» | https://www.letemps.ch/economie/venture-kick-cree-pres-400-startup,https://www.google.ch/search?q=site%3Awww.letemps.ch+“Jordi+Montserrat”,https://www.linkedin.com/in/jordimontserrat/,https://labs.letemps.ch/interactive/2018/_digital-shapers/?portrait=jordi-montserrat
60,Monique Morrow,"Cofondatrice et présidente de The Humanized Internet, Zurich",f-do-gooders,Do-Gooders,OK (Monique_Morrow_Portrait.jpg),,DR?,New,61 ans,,f-plus-40,f-alemanique,f-femme,Blockchain?,n/a,https://www.google.ch/search?q=site%3Awww.letemps.ch+“Monique+Morrow”,https://www.linkedin.com/in/moniquejeannemorrow/,https://labs.letemps.ch/interactive/2018/_digital-shapers/?portrait=monique-morrow
61,Michael Nilles,"Chief Digital Officer (CDO) de Schindler, Ebikon",f-corporates,Corporates,OK (Michael_Nilles_Portrait.jpg),,DR?,New,45 ans,,f-plus-40,f-alemanique,f-homme,Services informatiques,n/a,https://www.google.ch/search?q=site%3Awww.letemps.ch+“Michael+Nilles”,https://www.linkedin.com/in/michaelnilles/,https://labs.letemps.ch/interactive/2018/_digital-shapers/?portrait=michael-nilles
62,David Nüscheler,"Vice-président Enterprise Technology Adobe, Salt Lake City, Utah",f-expats,Expats,OK (David_Nuscheler_Portrait.jpg),,DR?,New,43 ans,,f-plus-40,f-expat,f-homme,Services informatiques,n/a,https://www.google.ch/search?q=site%3Awww.letemps.ch+“David+Nüscheler”,https://www.linkedin.com/in/davidnuescheler/,https://labs.letemps.ch/interactive/2018/_digital-shapers/?portrait=david-nuscheler
63,Claudia Pletscher,"Responsable du développement et de l’innovation de La Poste Suisse, Berne",f-corporates,Corporates,OK (Claudia_Pletscher_Portrait.jpg),,© Fu-Photo,New,44 ans,,f-plus-40,f-alemanique,f-femme,Négoce,«Claudia Pletscher: «La Poste ne veut pas être spectatrice de la numérisation»» | https://www.letemps.ch/economie/claudia-pletscher-poste-ne-veut-spectatrice-numerisation,https://www.google.ch/search?q=site%3Awww.letemps.ch+“Claudia+Pletscher”,https://www.linkedin.com/in/claudia-pletscher-800a8a/,https://labs.letemps.ch/interactive/2018/_digital-shapers/?portrait=claudia-pletscher
64,Georg Polzer,"Cofondateur et président de Teralytics, Zurich",f-unicorn-raisers,Unicorn raisers,OK (Georg_Polzer_Portrait.jpg),,DR?,,30 ans,,f-moins-40,f-alemanique,f-homme,Recherche,n/a,https://www.google.ch/search?q=site%3Awww.letemps.ch+“Georg+Polzer”,https://www.linkedin.com/in/georgpolzer/,https://labs.letemps.ch/interactive/2018/_digital-shapers/?portrait=georg-polzer
65,Tobias Reichmuth,"CEO et fondateur de SUSI Partners SA, Zurich",f-serial-entrepreneurs,Serial Entrepreneurs,OK (Tobias_Reichmuth_Portrait.jpg),,DR?,New,39 ans,,f-moins-40,f-alemanique,f-homme,Développement durable,n/a,https://www.google.ch/search?q=site%3Awww.letemps.ch+“Tobias+Reichmuth”,https://www.linkedin.com/in/tobiasreichmuth/,https://labs.letemps.ch/interactive/2018/_digital-shapers/?portrait=tobias-reichmuth
66,Sylvie Reinhard,"VR Republik.ch, fondatrice de crstl.io, Zurich ",f-enabler,Enabler,OK (Sylvie_Reinhard_Portrait.jpg),,DR?,New,37 ans,,f-moins-40,f-alemanique,f-femme,Finance,n/a,https://www.google.ch/search?q=site%3Awww.letemps.ch+“Sylvie+Reinhard”,https://www.linkedin.com/in/sylviereinhard/,https://labs.letemps.ch/interactive/2018/_digital-shapers/?portrait=sylvie-reinhard
67,Max Rheiner,"Fondateur et Head Master Interaction Design, Somniacs SA, Zurich",f-creatives,Creatives,OK (Max_Rheiner_Portrait.jpg),,DR?,New,46 ans,,f-plus-40,f-alemanique,f-homme,Recherche,n/a,https://www.google.ch/search?q=site%3Awww.letemps.ch+“Max+Rheiner”,,https://labs.letemps.ch/interactive/2018/_digital-shapers/?portrait=max-rheiner
68,Gregoire Ribordy,"Fondateur, CEO et vice-président d’ID Quantique, Genève",f-tech-leaders,Tech Leaders,OK (Grégoire_Ribordy_Portrait.jpg) ,,DR?,New,47 ans,,f-plus-40,f-romand,f-homme,Services informatiques,«Le genevois ID Quantique passe sous contrôle coréen pour 65 millions» | https://www.letemps.ch/economie/genevois-id-quantique-passe-controle-coreen-65-millions,https://www.google.ch/search?q=site%3Awww.letemps.ch+“Gregoire+Ribordy”,https://www.linkedin.com/in/grégoire-ribordy-25485810/,https://labs.letemps.ch/interactive/2018/_digital-shapers/?portrait=gregoire-ribordy
69,Eva Richterich,"CEO de Ricolab, Zurich",f-corporates,Corporates,OK (Eva_Richterich_Portrait.jpg),,© Sandra Blaser ,New,45 ans,,f-plus-40,f-alemanique,f-femme,Développement durable,n/a,https://www.google.ch/search?q=site%3Awww.letemps.ch+“Eva+Richterich”,https://www.linkedin.com/in/eva-richterich-5b008845/,https://labs.letemps.ch/interactive/2018/_digital-shapers/?portrait=eva-richterich
70,Neil Rimer,"Cofondateur d’Index Ventures, Genève, Londres et San Francisco",f-investors,Investors,OK (Neil_Rimer_Portrait.jpg),,© Corbis via Getty Images,,54 ans,,f-plus-40,f-romand,f-homme,Finance,"«Il y a de l’innovation en Suisse, mais peu d’entrepreneurs prêts à conquérir le monde» | https://www.letemps.ch/economie/y-linnovation-suisse-dentrepreneurs-prets-conquerir-monde",https://www.google.ch/search?q=site%3Awww.letemps.ch+“Neil+Rimer”,https://www.linkedin.com/in/neilrimer/,https://labs.letemps.ch/interactive/2018/_digital-shapers/?portrait=neil-rimer
71,Pipilotti Rist,"Artiste, Zurich",f-creatives,Creatives,Ok (Pipilotti_Rist_Portrait.jpg),,DR?,,56 ans,,f-plus-40,f-alemanique,f-homme,Art,«Pipilotti Rist triomphe à Sydney» | https://www.letemps.ch/culture/pipilotti-rist-triomphe-sydney,https://www.google.ch/search?q=site%3Awww.letemps.ch+“Pipilotti+Rist”,https://www.linkedin.com/in/pipilotti-rist-b6757788/,https://labs.letemps.ch/interactive/2018/_digital-shapers/?portrait=pipilotti-rist
72,Anita Roth,"Cheffe de la division Policy Data Science chez Airbnb, San Francisco",f-expats,Expats,OK (Anita_Roth_Portrait.jpg),,DR?,New,37 ans,,f-moins-40,f-expat,f-femme,Services informatiques,«La plupart des hôtes d’AirBnb hébergent dans leur propre maison» | https://www.letemps.ch/economie/hotes-dairbnb-hebergent-propre-maison,https://www.google.ch/search?q=site%3Awww.letemps.ch+“Anita+Roth”,https://www.linkedin.com/in/anita-roth-3864878/,https://labs.letemps.ch/interactive/2018/_digital-shapers/?portrait=anita-roth
73,Valentina Velandia,"Cofondatrice de Capacity Zurich, Zurich",f-do-gooders,Do-Gooders,OK (Valentina_S_Velandia_Portrait.jpg),,DR?,New,31 ans,,f-moins-40,f-alemanique,f-femme,Finance,n/a,https://www.google.ch/search?q=site%3Awww.letemps.ch+“Valentina+Velandia”,https://ch.linkedin.com/in/valentinasvelandia,https://labs.letemps.ch/interactive/2018/_digital-shapers/?portrait=valentina-s
74,Marcel Salathé,"Laboratoire d’épidémiologie digitale, EPF Lausanne",f-researchers,Researchers,OK (Marcel_Salathé_Portrait.jpg),,DR?,New,42 ans,,f-plus-40,f-romand,f-homme,Recherche,«Marcel Salathé: «Le machine learning ne concerne pas qu'Apple ou Google»» | https://www.letemps.ch/economie/marcel-salathe-machine-learning-ne-concerne-quapple-google,https://www.google.ch/search?q=site%3Awww.letemps.ch+“Marcel+Salathé”,https://www.linkedin.com/in/salathe/,https://labs.letemps.ch/interactive/2018/_digital-shapers/?portrait=marcel-salathe
75,Toni Schneider,"Partenaire de True Ventures, San Francisco",f-expats,Expats,OK (Toni_Schneider_Portrait.jpg),,© Frederic Neema/Laif,New,48 ans,,f-plus-40,f-expat,f-homme,Services informatiques,n/a,https://www.google.ch/search?q=site%3Awww.letemps.ch+“Toni+Schneider”,https://www.linkedin.com/in/toni-schneider-b1534333/,https://labs.letemps.ch/interactive/2018/_digital-shapers/?portrait=toni-schneider
76,Philomena Schwab,"Fondatrice du Game Studio Stray Fawn, Zurich",f-unicorn-raisers,Unicorn raisers,OK (Philomena_Schwab_Portrait.jpg),,DR?,,28 ans,,f-moins-40,f-alemanique,f-femme,Services informatiques,n/a,https://www.google.ch/search?q=site%3Awww.letemps.ch+“Philomena+Schwab”,https://www.linkedin.com/in/philomena-schwab-56239848/,https://labs.letemps.ch/interactive/2018/_digital-shapers/?portrait=philomena-schwab
77,Florian Schweitzer,"Partenaire de Btov Partners, Saint-Gall",f-investors,Investors,"OK (Florian_Schweitzer_Portrait.jpg)
",,DR?,,44 ans,,f-plus-40,f-alemanique,f-homme,Finance,«Plus de 100 millions d’euros prêts à être injectés dans des start-up» | https://www.letemps.ch/economie/plus-100-millions-deuros-prets-injectes-startup,https://www.google.ch/search?q=site%3Awww.letemps.ch+“Florian+Schweitzer”,https://www.linkedin.com/in/florianschweitzer/,https://labs.letemps.ch/interactive/2018/_digital-shapers/?portrait=florian-schweitzer
78,Dorian Selz,"Fondateur de Namics, Memonic, Squirro",f-serial-entrepreneurs,Serial Entrepreneurs,OK (Dorian_Selz_Portrait.jpg),,© Samuel Trümpy,,47 ans,,f-plus-40,f-alemanique,f-homme,Finance,n/a,https://www.google.ch/search?q=site%3Awww.letemps.ch+“Dorian+Selz”,https://www.linkedin.com/in/dselz/,https://labs.letemps.ch/interactive/2018/_digital-shapers/?portrait=dorian-selz
79,Michael Sidler,"Cofondateur associé de Redalpine, Zurich",f-investors,Investors,OK (Michael_Sidler_Portrait.jpg),,© Alex Buschor,,50 ans,,f-plus-40,f-alemanique,f-homme,Finance,n/a,https://www.google.ch/search?q=site%3Awww.letemps.ch+“Michael+Sidler”,https://www.linkedin.com/in/sidler/,https://labs.letemps.ch/interactive/2018/_digital-shapers/?portrait=michael-sidler
80,Roland Siegwart,"Laboratoire de systèmes autonomes, EPF Zurich",f-researchers,Researchers,OK (Roland_Siegwart_Portrait.jpg),,© Oliver Nanzig,,59 ans,,f-plus-40,f-alemanique,f-homme,Recherche,n/a,https://www.google.ch/search?q=site%3Awww.letemps.ch+“Roland+Siegwart”,https://www.linkedin.com/in/roland-siegwart-85466912/,https://labs.letemps.ch/interactive/2018/_digital-shapers/?portrait=roland-siegwart
81,Christian Simm,Fondateur de Swissnex San Francisco et CEO de Swissnex Boston,f-expats,Expats,OK (Christian_Simm_Portrait.jpg) ,,DR?,New,59 ans,,f-plus-40,f-expat,f-homme,Recherche,«Swissnex change tous ses directeurs» | https://www.letemps.ch/economie/swissnex-change-directeurs,https://www.google.ch/search?q=site%3Awww.letemps.ch+“Christian+Simm”,https://www.linkedin.com/in/christiansimm/,https://labs.letemps.ch/interactive/2018/_digital-shapers/?portrait=christian-simm
82,Philipp Stauffer,"Cofondateur et directeur associé de Fyrfly Venture Partners, Silicon Valley",f-investors,Investors,OK (Philippe_Stauffer_Portrait.jpg),,© Anja Wurm,New,47 ans,,f-plus-40,f-alemanique,f-homme,Services informatiques,n/a,https://www.google.ch/search?q=site%3Awww.letemps.ch+“Philipp+Stauffer”,https://www.linkedin.com/in/philippstauffer/,https://labs.letemps.ch/interactive/2018/_digital-shapers/?portrait=philipp-stauffer
83,Amir Suissa,"Fondateur de Wefox, Zurich",f-serial-entrepreneurs,Serial Entrepreneurs,OK (Amir_Suissa_Portrait.jpg),,DR?,,46 ans,,f-plus-40,f-alemanique,f-homme,Finance,n/a,https://www.google.ch/search?q=site%3Awww.letemps.ch+“Amir+Suissa”,https://www.linkedin.com/in/amirsuissa/,https://labs.letemps.ch/interactive/2018/_digital-shapers/?portrait=amir-suissa
84,Tej Tadi,"Fondateur et CEO de MindMaze, Lausanne",f-unicorn-raisers,Unicorn raisers,OK (TeJ_Tadi_Portrait.jpg),,DR?,,37 ans,,f-moins-40,f-romand,f-homme,Santé,«Mindmaze ne va pas quitter la Suisse» | https://www.letemps.ch/economie/mindmaze-ne-va-quitter-suisse,https://www.google.ch/search?q=site%3Awww.letemps.ch+“Tej+Tadi”,https://www.linkedin.com/in/tejtadi/,https://labs.letemps.ch/interactive/2018/_digital-shapers/?portrait=tej-tadi
85,Estefania Tapias,"Chair of Information Architecture, EPF Zurich",f-researchers,Researchers,OK (Estefania_Tapias_Portrait.jpg),,DR?,New,30 ans,,f-moins-40,f-alemanique,f-femme,Recherche,n/a,https://www.google.ch/search?q=site%3Awww.letemps.ch+“Estefania+Tapias”,https://www.linkedin.com/in/estefaniatapias/,https://labs.letemps.ch/interactive/2018/_digital-shapers/?portrait=estefania-tapias
86,Dominik Tarolli,"Fondateur Procedural, directeur Esri, Redlands (Californie)",f-tech-leaders,Tech Leaders,OK (Dominik_Tarolli_Portrait.jpg),,DR?,New,44 ans,,f-plus-40,f-alemanique,f-homme,Finance,n/a,https://www.google.ch/search?q=site%3Awww.letemps.ch+“Dominik+Tarolli”,https://www.linkedin.com/in/dominiktarolli/,https://labs.letemps.ch/interactive/2018/_digital-shapers/?portrait=dominik-tarolli
87,Patrick Thévoz,"Cofondateur et CEO de Flyability, Lausanne",f-unicorn-raisers,Unicorn raisers,OK (Patrick_Thévoz_Portrait.jpg),,© Tina Sturzenegger,New,32 ans,,f-moins-40,f-romand,f-homme,Négoce (drone),«La «Drone Valley» suisse s’étend sans cesse» | https://www.letemps.ch/economie/drone-valley-suisse-setend-cesse,https://www.google.ch/search?q=site%3Awww.letemps.ch+“Patrick+Thévoz”,https://www.linkedin.com/in/pthevoz/,https://labs.letemps.ch/interactive/2018/_digital-shapers/?portrait=patrick-thevoz
88,Yann Tissot,"Cofondateur et CEO L.E.S.S., Renens",f-unicorn-raisers,Unicorn raisers,OK (Yann_Tissot_Portrait.jpg),,DR?,New,39 ans,,f-moins-40,f-romand,f-homme,Marketing?,«L.E.S.S. veut créer une usine et des centaines d’emplois» | https://www.letemps.ch/economie/less-veut-creer-une-usine-centaines-demplois,https://www.google.ch/search?q=site%3Awww.letemps.ch+“Yann+Tissot”,https://www.linkedin.com/in/yann-tissot-8846251/,https://labs.letemps.ch/interactive/2018/_digital-shapers/?portrait=yann-tissot
89,Sandra Tobler,"Cofondatrice et CEO de Futurae Technologies, Zurich",f-tech-leaders,Tech Leaders,OK (Sandra_Tobler_Portrait.jpg),,© David Wagnières/Le Temps,New,39 ans,,f-moins-40,f-alemanique,f-femme,Services informatiques,«Femmes de technologie et fières de l'être» | https://www.letemps.ch/economie/femmes-technologie-fieres-letre,https://www.google.ch/search?q=site%3Awww.letemps.ch+“Sandra+Tobler”,https://www.linkedin.com/in/toblersa/,https://labs.letemps.ch/interactive/2018/_digital-shapers/?portrait=sandra-tobler
90,Grace Torrellas,"Evangéliste de la blockchain, Lausanne",f-do-gooders,Do-Gooders,Ok (Grace_Torrellas_Portrait.jpg),,DR?,New,???,,Age introuvable sur Linkedin,f-romand,f-femme,Blockchain,n/a,https://www.google.ch/search?q=site%3Awww.letemps.ch+“Grace+Torrellas”,https://www.linkedin.com/in/gtorrellas/,https://labs.letemps.ch/interactive/2018/_digital-shapers/?portrait=grace-torrellas
91,Luc Van Gool,"Computer Vision Lab, EPF Zurich",f-researchers,Researchers,OK (Luc_Van_Gool.jpg),,DR?,,58 ans,,f-plus-40,f-alemanique,f-homme,Recherche,n/a,https://www.google.ch/search?q=site%3Awww.letemps.ch+“Luc+Van+Gool”,https://www.linkedin.com/in/luc-van-gool-1b4a689/,https://labs.letemps.ch/interactive/2018/_digital-shapers/?portrait=luc-van-gool
92,Pascale Vonmont,"CEO Fondation Gebert Rüf, Bâle",f-enabler,Enabler,OK (Pascale_Vonmont_Portrait.jpg),,© Salvatore Vinci,,51 ans,,f-plus-40,f-alemanique,f-femme,Recherche,n/a,https://www.google.ch/search?q=site%3Awww.letemps.ch+“Pascale+Vonmont”,https://www.linkedin.com/in/pascalevonmont/,https://labs.letemps.ch/interactive/2018/_digital-shapers/?portrait=pascale-vonmont
93,Jean-Pierre Vuilleumier,"Directeur général de la start-up Invest, Berne",f-enabler,Enabler,OK (Jean_Pierre_Vuilleumier_Portrait.jpg),,DR?,,59 ans,,f-plus-40,f-alemanique,f-homme,Finance,n/a,https://www.google.ch/search?q=site%3Awww.letemps.ch+“Jean-Pierre+Vuilleumier”,https://www.linkedin.com/in/jvuilleumier/,https://labs.letemps.ch/interactive/2018/_digital-shapers/?portrait=jean-pierre-vuilleumier
94,Steffen Wagner,"Cofondateur et co-PDG d’Investiere, Verve Capital Partners, Baar (ZG)",f-investors,Investors,OK (Steffen_Wagner_Portrait.jpg),,DR?,New,44 ans,,f-plus-40,f-alemanique,f-homme,Finance,«Nest investira une part de son capital dans des start-up» | https://www.letemps.ch/economie/nest-investira-une-part-capital-startup,https://www.google.ch/search?q=site%3Awww.letemps.ch+“Steffen+Wagner”,https://www.linkedin.com/in/steffen-wagner-3229b920/,https://labs.letemps.ch/interactive/2018/_digital-shapers/?portrait=steffen-wagner
95,Cédric Waldburger,"Cofondateur de Tenderloin Ventures, Zoug",f-serial-entrepreneurs,Serial Entrepreneurs,OK (Cedric_Waldburger_Portrait.jpg),,© Désirée Good|Le Temps,New,30 ans,,f-moins-40,f-alemanique,f-homme,Blockchain,"«Entrepreneur sans domicile fixe, avec seulement 64 objets personnels» | https://www.google.ch/search?q=site%3Awww.letemps.ch+%E2%80%9CC%C3%A9dric+Waldburger%E2%80%9D",https://www.google.ch/search?q=site%3Awww.letemps.ch+“Cédric+Waldburger”,https://www.linkedin.com/in/cedricwaldburger/,https://labs.letemps.ch/interactive/2018/_digital-shapers/?portrait=cedric-waldburger
96,Patrick Warnking,"Directeur de Google Suisse, Zurich",f-corporates,Corporates,OK (Patrick_Warnking_Portrait.jpg),,© Karl-Heinz Hug,,50 ans,,f-plus-40,f-alemanique,f-homme,Services informatiques,n/a,https://www.google.ch/search?q=site%3Awww.letemps.ch+“Patrick+Warnking”,https://www.linkedin.com/in/warnking/,https://labs.letemps.ch/interactive/2018/_digital-shapers/?portrait=patrick-warnking
97,Basil Weibel,"Cofondateur et CEO Wingtra, Zurich",f-unicorn-raisers,Unicorn raisers,OK (Basil_Weibel_Portrait.jpg),,© Michèle Limina,New,30 ans,,f-moins-40,f-alemanique,f-homme,Drones?,n/a,https://www.google.ch/search?q=site%3Awww.letemps.ch+“Basil+Weibel”,https://www.linkedin.com/in/basil-weibel-a3146a1b/,https://labs.letemps.ch/interactive/2018/_digital-shapers/?portrait=basil-weibel
98,Christian Wenger,"Touche-à-tout, Zurich",f-enabler,Enabler,OK (Christian_Wenger_Portrait.jpg),,DR?,,54 ans,,f-plus-40,f-alemanique,f-homme,????,n/a,https://www.google.ch/search?q=site%3Awww.letemps.ch+“Christian+Wenger”,https://www.linkedin.com/in/christian-wenger-07260bbb/,https://labs.letemps.ch/interactive/2018/_digital-shapers/?portrait=christian-wenger
99,Roland Zeller,"Directeur et propriétaire d’Innuvik Ventures, Bottighofen (TG)",f-investors,Investors,"OK (Roland_Zeller_Portrait.jpg)
",,DR?,New,48 ans,,f-plus-40,f-alemanique,f-homme,Finance,n/a,https://www.google.ch/search?q=site%3Awww.letemps.ch+“Roland+Zeller”,https://www.linkedin.com/in/rolizeller/,https://labs.letemps.ch/interactive/2018/_digital-shapers/?portrait=roland-zeller
100,Claude Zellweger,"Directeur du design Daydream chez Google, Mountain View (Californie)",f-expats,Expats,OK (Claude_Zellweger_Portrait.jpg),,© Tanja Demarmels,,46 ans,,f-plus-40,"f-expat
",f-homme,Services informatiques,«Sur ce marché il y a de la place pour tout le monde»|https://www.letemps.ch/economie/marche-y-place-monde,https://www.google.ch/search?q=site%3Awww.letemps.ch+“Claude+Zellweger”,https://www.linkedin.com/in/claude-zellweger-a519001/,https://labs.letemps.ch/interactive/2018/_digital-shapers/?portrait=claude-zellweger
101,Lea von Bidder,"Cofondatrice d’Ava, San Francisco",f-expats,Expats,OK (Lea_Von_Bidder_Portrait.jpg),,© René Ruis,New,28 ans,,f-moins-40,"f-expat
",f-femme,Santé,"Lea von Bidder, les start-up dans la peau|https://www.letemps.ch/economie/lea-von-bidder-startup-peau",https://www.google.ch/search?q=site%3Awww.letemps.ch+“Lea+von+Bidder”,https://www.linkedin.com/in/lea-von-bidder/,https://labs.letemps.ch/interactive/2018/_digital-shapers/?portrait=lea-von-bidder
200,Editorial,Digital first,,,,,,,,no-card,,,,,,,,
300,Publireportage,Un regard sur l’avenir,,,,,,,,no-card,,,,,,,,